init_date,valid_date,lead_time_days,region_id,region_name,zone,forecast_source,precip_forecast_mm,temp_forecast_degc,mslp_forecast_hpa,pressure_tendency_24h,rh_850_pct,wind_shear_850_200_ms,cape_j_kg,ensemble_spread,observation_source,verification_status,actual_precip_mm,actual_temp_degc,actual_mslp_hpa,rain_error_mm,abs_rain_error_mm,temp_error_degc,abs_temp_error_degc,mslp_error_hpa,abs_mslp_error_hpa,climatological_z_error,contingency_category,is_bust,bust_category,bust_trigger
2019-07-01 00:00,2019-07-02,1,IND-NW-HIM,Western Himalayas,North,NOAA_GEFS_v12_2019070100,0.0,-6.4,1022.1,-0.7,66.5,12.8,805.0,0.96,ERA5_REANALYSIS_0.25DEG,VERIFIED,0.0,-6.7,1021.0,0.0,0.0,0.3,0.3,1.1,1.1,0.0,NOMINAL_ACCORD,0,NOMINAL,Within Acceptable Error Tolerance
2019-07-01 00:00,2019-07-03,2,IND-NW-HIM,Western Himalayas,North,NOAA_GEFS_v12_2019070100,0.0,-5.9,1022.2,-0.9,68.0,13.6,860.0,1.12,ERA5_REANALYSIS_0.25DEG,VERIFIED,0.0,-5.5,1019.6,0.0,0.0,-0.4,0.4,2.6,2.6,0.0,NOMINAL_ACCORD,0,NOMINAL,Within Acceptable Error Tolerance
2019-07-01 00:00,2019-07-04,3,IND-NW-HIM,Western Himalayas,North,NOAA_GEFS_v12_2019070100,0.0,-5.9,1018.6,-1.1,69.5,14.4,915.0,1.28,ERA5_REANALYSIS_0.25DEG,VERIFIED,0.0,-5.2,1017.0,0.0,0.0,-0.7,0.7,1.6,1.6,0.0,NOMINAL_ACCORD,0,NOMINAL,Within Acceptable Error Tolerance
2019-07-01 00:00,2019-07-05,4,IND-NW-HIM,Western Himalayas,North,NOAA_GEFS_v12_2019070100,1.8,-6.9,1014.1,-1.3,71.0,15.2,970.0,1.44,ERA5_REANALYSIS_0.25DEG,VERIFIED,0.0,-6.1,1013.8,1.8,1.8,-0.8,0.8,0.3,0.3,0.14,NOMINAL_ACCORD,0,NOMINAL,Within Acceptable Error Tolerance
2019-07-01 00:00,2019-07-06,5,IND-NW-HIM,Western Himalayas,North,NOAA_GEFS_v12_2019070100,3.9,-4.7,1012.1,-1.5,72.5,16.0,1025.0,1.6,ERA5_REANALYSIS_0.25DEG,VERIFIED,0.0,-5.1,1013.2,3.9,3.9,0.4,0.4,-1.1,1.1,0.31,NOMINAL_ACCORD,0,NOMINAL,Within Acceptable Error Tolerance
2019-07-01 00:00,2019-07-07,6,IND-NW-HIM,Western Himalayas,North,NOAA_GEFS_v12_2019070100,6.5,-5.6,1014.4,-1.7,74.0,16.8,1080.0,1.76,ERA5_REANALYSIS_0.25DEG,VERIFIED,0.0,-3.8,1013.4,6.5,6.5,-1.8,1.8,1.0,1.0,0.52,NOMINAL_ACCORD,0,NOMINAL,Within Acceptable Error Tolerance
2019-07-01 00:00,2019-07-08,7,IND-NW-HIM,Western Himalayas,North,NOAA_GEFS_v12_2019070100,0.0,-2.8,1013.2,-1.9,75.5,17.6,1135.0,1.92,ERA5_REANALYSIS_0.25DEG,VERIFIED,0.1,-3.1,1013.2,-0.1,0.1,0.3,0.3,0.0,0.0,0.01,NOMINAL_ACCORD,0,NOMINAL,Within Acceptable Error Tolerance
2019-07-01 00:00,2019-07-09,8,IND-NW-HIM,Western Himalayas,North,NOAA_GEFS_v12_2019070100,4.1,-1.7,1010.7,-2.1,77.0,18.4,1190.0,2.08,ERA5_REANALYSIS_0.25DEG,VERIFIED,0.0,-3.1,1011.9,4.1,4.1,1.4,1.4,-1.2,1.2,0.33,NOMINAL_ACCORD,0,NOMINAL,Within Acceptable Error Tolerance
2019-07-01 00:00,2019-07-10,9,IND-NW-HIM,Western Himalayas,North,NOAA_GEFS_v12_2019070100,4.7,-3.0,1011.8,-2.3,78.5,19.2,1245.0,2.24,ERA5_REANALYSIS_0.25DEG,VERIFIED,0.4,-3.0,1012.5,4.3,4.3,0.0,0.0,-0.7,0.7,0.34,NOMINAL_ACCORD,0,NOMINAL,Within Acceptable Error Tolerance
2019-07-01 00:00,2019-07-11,10,IND-NW-HIM,Western Himalayas,North,NOAA_GEFS_v12_2019070100,3.4,-4.7,1014.4,-2.5,80.0,20.0,1300.0,2.4,ERA5_REANALYSIS_0.25DEG,VERIFIED,0.3,-2.8,1013.5,3.1,3.1,-1.9,1.9,0.9,0.9,0.25,NOMINAL_ACCORD,0,NOMINAL,Within Acceptable Error Tolerance
2019-07-01 00:00,2019-07-02,1,IND-NW-PLN,Indo-Gangetic NW Plains,North,NOAA_GEFS_v12_2019070100,0.0,34.4,997.0,-0.7,66.5,12.8,805.0,0.96,ERA5_REANALYSIS_0.25DEG,VERIFIED,0.0,34.5,997.6,0.0,0.0,-0.1,0.1,-0.6,0.6,0.0,NOMINAL_ACCORD,0,NOMINAL,Within Acceptable Error Tolerance
2019-07-01 00:00,2019-07-03,2,IND-NW-PLN,Indo-Gangetic NW Plains,North,NOAA_GEFS_v12_2019070100,0.0,33.9,997.4,-0.9,68.0,13.6,860.0,1.12,ERA5_REANALYSIS_0.25DEG,VERIFIED,0.7,33.4,998.0,-0.7,0.7,0.5,0.5,-0.6,0.6,0.06,NOMINAL_ACCORD,0,NOMINAL,Within Acceptable Error Tolerance
2019-07-01 00:00,2019-07-04,3,IND-NW-PLN,Indo-Gangetic NW Plains,North,NOAA_GEFS_v12_2019070100,0.0,32.6,996.9,-1.1,69.5,14.4,915.0,1.28,ERA5_REANALYSIS_0.25DEG,VERIFIED,0.9,32.2,996.7,-0.9,0.9,0.4,0.4,0.2,0.2,0.08,NOMINAL_ACCORD,0,NOMINAL,Within Acceptable Error Tolerance
2019-07-01 00:00,2019-07-05,4,IND-NW-PLN,Indo-Gangetic NW Plains,North,NOAA_GEFS_v12_2019070100,0.0,32.9,992.9,-1.3,71.0,15.2,970.0,1.44,ERA5_REANALYSIS_0.25DEG,VERIFIED,1.2,31.7,994.9,-1.2,1.2,1.2,1.2,-2.0,2.0,0.11,NOMINAL_ACCORD,0,NOMINAL,Within Acceptable Error Tolerance
2019-07-01 00:00,2019-07-06,5,IND-NW-PLN,Indo-Gangetic NW Plains,North,NOAA_GEFS_v12_2019070100,60.5,28.2,991.1,-2.5,72.5,16.0,1600.0,3.1,ERA5_REANALYSIS_0.25DEG,VERIFIED,1.0,30.7,994.6,59.5,59.5,-2.5,2.5,-3.5,3.5,5.41,NOMINAL_ACCORD,1,CONFIRMED_BUST,Extreme Rain Error (59.5 mm >= 35.0 mm); Climatological Anomaly Exceeded (Z=5.41 >= 2.5)
2019-07-01 00:00,2019-07-07,6,IND-NW-PLN,Indo-Gangetic NW Plains,North,NOAA_GEFS_v12_2019070100,63.1,29.2,991.6,-2.5,74.0,16.8,1600.0,3.3,ERA5_REANALYSIS_0.25DEG,VERIFIED,0.1,31.7,995.1,63.0,63.0,-2.5,2.5,-3.5,3.5,5.73,NOMINAL_ACCORD,1,CONFIRMED_BUST,Extreme Rain Error (63.0 mm >= 35.0 mm); Climatological Anomaly Exceeded (Z=5.73 >= 2.5)
2019-07-01 00:00,2019-07-08,7,IND-NW-PLN,Indo-Gangetic NW Plains,North,NOAA_GEFS_v12_2019070100,67.1,29.2,991.3,-2.5,75.5,17.6,1600.0,3.5,ERA5_REANALYSIS_0.25DEG,VERIFIED,0.6,31.7,994.8,66.5,66.5,-2.5,2.5,-3.5,3.5,6.05,FALSE_ALARM_HEAVY,1,CONFIRMED_BUST,Catastrophic False Alarm (Fcst >= 64.5mm with Obs < 10mm); Extreme Rain Error (66.5 mm >= 35.0 mm); Climatological Anomaly Exceeded (Z=6.05 >= 2.5)
2019-07-01 00:00,2019-07-09,8,IND-NW-PLN,Indo-Gangetic NW Plains,North,NOAA_GEFS_v12_2019070100,0.0,30.5,995.3,-2.1,77.0,18.4,1190.0,2.08,ERA5_REANALYSIS_0.25DEG,VERIFIED,6.3,30.6,995.1,-6.3,6.3,-0.1,0.1,0.2,0.2,0.57,NOMINAL_ACCORD,0,NOMINAL,Within Acceptable Error Tolerance
2019-07-01 00:00,2019-07-10,9,IND-NW-PLN,Indo-Gangetic NW Plains,North,NOAA_GEFS_v12_2019070100,0.5,29.4,994.1,-2.3,78.5,19.2,1245.0,2.24,ERA5_REANALYSIS_0.25DEG,VERIFIED,6.5,29.7,994.3,-6.0,6.0,-0.3,0.3,-0.2,0.2,0.55,NOMINAL_ACCORD,0,NOMINAL,Within Acceptable Error Tolerance
2019-07-01 00:00,2019-07-11,10,IND-NW-PLN,Indo-Gangetic NW Plains,North,NOAA_GEFS_v12_2019070100,80.0,29.2,991.3,-2.5,80.0,20.0,1600.0,4.1,ERA5_REANALYSIS_0.25DEG,VERIFIED,3.0,31.7,994.8,77.0,77.0,-2.5,2.5,-3.5,3.5,7.0,FALSE_ALARM_HEAVY,1,CONFIRMED_BUST,Catastrophic False Alarm (Fcst >= 64.5mm with Obs < 10mm); Extreme Rain Error (77.0 mm >= 35.0 mm); Climatological Anomaly Exceeded (Z=7.0 >= 2.5)
2019-07-01 00:00,2019-07-02,1,IND-RAJ,Rajasthan (Arid & Semi-Arid),West,NOAA_GEFS_v12_2019070100,0.0,36.3,997.5,-0.7,66.5,12.8,805.0,0.96,ERA5_REANALYSIS_0.25DEG,VERIFIED,0.0,35.7,998.6,0.0,0.0,0.6,0.6,-1.1,1.1,0.0,NOMINAL_ACCORD,0,NOMINAL,Within Acceptable Error Tolerance
2019-07-01 00:00,2019-07-03,2,IND-RAJ,Rajasthan (Arid & Semi-Arid),West,NOAA_GEFS_v12_2019070100,3.0,35.0,997.7,-0.9,68.0,13.6,860.0,1.12,ERA5_REANALYSIS_0.25DEG,VERIFIED,0.0,34.9,998.2,3.0,3.0,0.1,0.1,-0.5,0.5,0.4,NOMINAL_ACCORD,0,NOMINAL,Within Acceptable Error Tolerance
2019-07-01 00:00,2019-07-04,3,IND-RAJ,Rajasthan (Arid & Semi-Arid),West,NOAA_GEFS_v12_2019070100,0.7,32.6,996.5,-1.1,69.5,14.4,915.0,1.28,ERA5_REANALYSIS_0.25DEG,VERIFIED,0.0,34.4,996.7,0.7,0.7,-1.8,1.8,-0.2,0.2,0.09,NOMINAL_ACCORD,0,NOMINAL,Within Acceptable Error Tolerance
2019-07-01 00:00,2019-07-05,4,IND-RAJ,Rajasthan (Arid & Semi-Arid),West,NOAA_GEFS_v12_2019070100,0.0,34.2,993.8,-1.3,71.0,15.2,970.0,1.44,ERA5_REANALYSIS_0.25DEG,VERIFIED,0.0,33.2,994.9,0.0,0.0,1.0,1.0,-1.1,1.1,0.0,NOMINAL_ACCORD,0,NOMINAL,Within Acceptable Error Tolerance
2019-07-01 00:00,2019-07-06,5,IND-RAJ,Rajasthan (Arid & Semi-Arid),West,NOAA_GEFS_v12_2019070100,59.5,32.0,990.8,-2.5,72.5,16.0,1600.0,3.1,ERA5_REANALYSIS_0.25DEG,VERIFIED,0.0,34.5,994.3,59.5,59.5,-2.5,2.5,-3.5,3.5,7.93,NOMINAL_ACCORD,1,CONFIRMED_BUST,Extreme Rain Error (59.5 mm >= 35.0 mm); Climatological Anomaly Exceeded (Z=7.93 >= 2.5)
2019-07-01 00:00,2019-07-07,6,IND-RAJ,Rajasthan (Arid & Semi-Arid),West,NOAA_GEFS_v12_2019070100,63.0,31.8,992.5,-2.5,74.0,16.8,1600.0,3.3,ERA5_REANALYSIS_0.25DEG,VERIFIED,0.0,34.3,996.0,63.0,63.0,-2.5,2.5,-3.5,3.5,8.4,NOMINAL_ACCORD,1,CONFIRMED_BUST,Extreme Rain Error (63.0 mm >= 35.0 mm); Climatological Anomaly Exceeded (Z=8.4 >= 2.5)
2019-07-01 00:00,2019-07-08,7,IND-RAJ,Rajasthan (Arid & Semi-Arid),West,NOAA_GEFS_v12_2019070100,66.5,31.7,992.7,-2.5,75.5,17.6,1600.0,3.5,ERA5_REANALYSIS_0.25DEG,VERIFIED,0.0,34.2,996.2,66.5,66.5,-2.5,2.5,-3.5,3.5,8.87,FALSE_ALARM_HEAVY,1,CONFIRMED_BUST,Catastrophic False Alarm (Fcst >= 64.5mm with Obs < 10mm); Extreme Rain Error (66.5 mm >= 35.0 mm); Climatological Anomaly Exceeded (Z=8.87 >= 2.5)
2019-07-01 00:00,2019-07-09,8,IND-RAJ,Rajasthan (Arid & Semi-Arid),West,NOAA_GEFS_v12_2019070100,70.0,30.8,992.0,-2.5,77.0,18.4,1600.0,3.7,ERA5_REANALYSIS_0.25DEG,VERIFIED,0.0,33.3,995.5,70.0,70.0,-2.5,2.5,-3.5,3.5,9.33,FALSE_ALARM_HEAVY,1,CONFIRMED_BUST,Catastrophic False Alarm (Fcst >= 64.5mm with Obs < 10mm); Extreme Rain Error (70.0 mm >= 35.0 mm); Climatological Anomaly Exceeded (Z=9.33 >= 2.5)
2019-07-01 00:00,2019-07-10,9,IND-RAJ,Rajasthan (Arid & Semi-Arid),West,NOAA_GEFS_v12_2019070100,73.5,30.5,992.4,-2.5,78.5,19.2,1600.0,3.9,ERA5_REANALYSIS_0.25DEG,VERIFIED,0.0,33.0,995.9,73.5,73.5,-2.5,2.5,-3.5,3.5,9.8,FALSE_ALARM_HEAVY,1,CONFIRMED_BUST,Catastrophic False Alarm (Fcst >= 64.5mm with Obs < 10mm); Extreme Rain Error (73.5 mm >= 35.0 mm); Climatological Anomaly Exceeded (Z=9.8 >= 2.5)
2019-07-01 00:00,2019-07-11,10,IND-RAJ,Rajasthan (Arid & Semi-Arid),West,NOAA_GEFS_v12_2019070100,77.0,30.3,993.6,-2.5,80.0,20.0,1600.0,4.1,ERA5_REANALYSIS_0.25DEG,VERIFIED,0.0,32.8,997.1,77.0,77.0,-2.5,2.5,-3.5,3.5,10.27,FALSE_ALARM_HEAVY,1,CONFIRMED_BUST,Catastrophic False Alarm (Fcst >= 64.5mm with Obs < 10mm); Extreme Rain Error (77.0 mm >= 35.0 mm); Climatological Anomaly Exceeded (Z=10.27 >= 2.5)
2019-07-01 00:00,2019-07-02,1,IND-GUJ,Gujarat & Saurashtra,West,NOAA_GEFS_v12_2019070100,1.4,32.2,1000.9,-0.7,66.5,12.8,805.0,0.96,ERA5_REANALYSIS_0.25DEG,VERIFIED,0.6,31.3,1000.8,0.8,0.8,0.9,0.9,0.1,0.1,0.06,NOMINAL_ACCORD,0,NOMINAL,Within Acceptable Error Tolerance
2019-07-01 00:00,2019-07-03,2,IND-GUJ,Gujarat & Saurashtra,West,NOAA_GEFS_v12_2019070100,0.4,31.4,1000.7,-0.9,68.0,13.6,860.0,1.12,ERA5_REANALYSIS_0.25DEG,VERIFIED,0.0,30.6,1001.0,0.4,0.4,0.8,0.8,-0.3,0.3,0.03,NOMINAL_ACCORD,0,NOMINAL,Within Acceptable Error Tolerance
2019-07-01 00:00,2019-07-04,3,IND-GUJ,Gujarat & Saurashtra,West,NOAA_GEFS_v12_2019070100,0.0,29.4,1000.1,-1.1,69.5,14.4,915.0,1.28,ERA5_REANALYSIS_0.25DEG,VERIFIED,1.9,29.5,1000.3,-1.9,1.9,-0.1,0.1,-0.2,0.2,0.14,NOMINAL_ACCORD,0,NOMINAL,Within Acceptable Error Tolerance
2019-07-01 00:00,2019-07-05,4,IND-GUJ,Gujarat & Saurashtra,West,NOAA_GEFS_v12_2019070100,8.5,28.4,998.6,-1.3,71.0,15.2,970.0,1.44,ERA5_REANALYSIS_0.25DEG,VERIFIED,0.8,30.2,997.9,7.7,7.7,-1.8,1.8,0.7,0.7,0.55,NOMINAL_ACCORD,0,NOMINAL,Within Acceptable Error Tolerance
2019-07-01 00:00,2019-07-06,5,IND-GUJ,Gujarat & Saurashtra,West,NOAA_GEFS_v12_2019070100,0.0,30.6,996.9,-1.5,72.5,16.0,1025.0,1.6,ERA5_REANALYSIS_0.25DEG,VERIFIED,3.3,29.4,997.6,-3.3,3.3,1.2,1.2,-0.7,0.7,0.24,NOMINAL_ACCORD,0,NOMINAL,Within Acceptable Error Tolerance
2019-07-01 00:00,2019-07-07,6,IND-GUJ,Gujarat & Saurashtra,West,NOAA_GEFS_v12_2019070100,0.0,31.1,998.8,-1.7,74.0,16.8,1080.0,1.76,ERA5_REANALYSIS_0.25DEG,VERIFIED,0.0,31.5,998.7,0.0,0.0,-0.4,0.4,0.1,0.1,0.0,NOMINAL_ACCORD,0,NOMINAL,Within Acceptable Error Tolerance
2019-07-01 00:00,2019-07-08,7,IND-GUJ,Gujarat & Saurashtra,West,NOAA_GEFS_v12_2019070100,3.1,30.1,1000.7,-1.9,75.5,17.6,1135.0,1.92,ERA5_REANALYSIS_0.25DEG,VERIFIED,0.2,31.2,999.5,2.9,2.9,-1.1,1.1,1.2,1.2,0.21,NOMINAL_ACCORD,0,NOMINAL,Within Acceptable Error Tolerance
2019-07-01 00:00,2019-07-09,8,IND-GUJ,Gujarat & Saurashtra,West,NOAA_GEFS_v12_2019070100,0.0,33.2,998.3,-2.1,77.0,18.4,1190.0,2.08,ERA5_REANALYSIS_0.25DEG,VERIFIED,0.0,31.2,998.8,0.0,0.0,2.0,2.0,-0.5,0.5,0.0,NOMINAL_ACCORD,0,NOMINAL,Within Acceptable Error Tolerance
2019-07-01 00:00,2019-07-10,9,IND-GUJ,Gujarat & Saurashtra,West,NOAA_GEFS_v12_2019070100,2.7,29.9,1000.0,-2.3,78.5,19.2,1245.0,2.24,ERA5_REANALYSIS_0.25DEG,VERIFIED,0.0,31.4,999.5,2.7,2.7,-1.5,1.5,0.5,0.5,0.19,NOMINAL_ACCORD,0,NOMINAL,Within Acceptable Error Tolerance
2019-07-01 00:00,2019-07-11,10,IND-GUJ,Gujarat & Saurashtra,West,NOAA_GEFS_v12_2019070100,0.3,32.2,1001.2,-2.5,80.0,20.0,1300.0,2.4,ERA5_REANALYSIS_0.25DEG,VERIFIED,0.0,31.5,1001.2,0.3,0.3,0.7,0.7,0.0,0.0,0.02,NOMINAL_ACCORD,0,NOMINAL,Within Acceptable Error Tolerance
2019-07-01 00:00,2019-07-02,1,IND-UP-BIH,Middle Gangetic Plains,East,NOAA_GEFS_v12_2019070100,1.9,32.7,997.0,-0.7,66.5,12.8,805.0,0.96,ERA5_REANALYSIS_0.25DEG,VERIFIED,1.3,31.9,996.8,0.6,0.6,0.8,0.8,0.2,0.2,0.04,NOMINAL_ACCORD,0,NOMINAL,Within Acceptable Error Tolerance
2019-07-01 00:00,2019-07-03,2,IND-UP-BIH,Middle Gangetic Plains,East,NOAA_GEFS_v12_2019070100,0.0,31.9,999.1,-0.9,68.0,13.6,860.0,1.12,ERA5_REANALYSIS_0.25DEG,VERIFIED,1.8,31.6,996.9,-1.8,1.8,0.3,0.3,2.2,2.2,0.13,NOMINAL_ACCORD,0,NOMINAL,Within Acceptable Error Tolerance
2019-07-01 00:00,2019-07-04,3,IND-UP-BIH,Middle Gangetic Plains,East,NOAA_GEFS_v12_2019070100,0.0,30.9,994.6,-1.1,69.5,14.4,915.0,1.28,ERA5_REANALYSIS_0.25DEG,VERIFIED,0.1,31.9,995.8,-0.1,0.1,-1.0,1.0,-1.2,1.2,0.01,NOMINAL_ACCORD,0,NOMINAL,Within Acceptable Error Tolerance
2019-07-01 00:00,2019-07-05,4,IND-UP-BIH,Middle Gangetic Plains,East,NOAA_GEFS_v12_2019070100,0.0,32.0,994.9,-1.3,71.0,15.2,970.0,1.44,ERA5_REANALYSIS_0.25DEG,VERIFIED,7.7,31.6,993.9,-7.7,7.7,0.4,0.4,1.0,1.0,0.57,NOMINAL_ACCORD,0,NOMINAL,Within Acceptable Error Tolerance
2019-07-01 00:00,2019-07-06,5,IND-UP-BIH,Middle Gangetic Plains,East,NOAA_GEFS_v12_2019070100,0.0,30.1,993.8,-1.5,72.5,16.0,1025.0,1.6,ERA5_REANALYSIS_0.25DEG,VERIFIED,1.6,31.0,993.4,-1.6,1.6,-0.9,0.9,0.4,0.4,0.12,NOMINAL_ACCORD,0,NOMINAL,Within Acceptable Error Tolerance
2019-07-01 00:00,2019-07-07,6,IND-UP-BIH,Middle Gangetic Plains,East,NOAA_GEFS_v12_2019070100,36.4,28.3,993.1,-1.7,74.0,16.8,1080.0,1.76,ERA5_REANALYSIS_0.25DEG,VERIFIED,36.3,28.0,994.2,0.1,0.1,0.3,0.3,-1.1,1.1,0.01,HIT,0,NOMINAL,Within Acceptable Error Tolerance
2019-07-01 00:00,2019-07-08,7,IND-UP-BIH,Middle Gangetic Plains,East,NOAA_GEFS_v12_2019070100,13.8,29.7,998.2,-3.8,75.5,17.6,3040.0,3.48,ERA5_REANALYSIS_0.25DEG,VERIFIED,42.2,26.9,994.0,-28.4,28.4,2.8,2.8,4.2,4.2,2.1,NOMINAL_ACCORD,0,NOMINAL,Within Acceptable Error Tolerance
2019-07-01 00:00,2019-07-09,8,IND-UP-BIH,Middle Gangetic Plains,East,NOAA_GEFS_v12_2019070100,20.6,29.7,998.6,-3.8,77.0,18.4,3160.0,3.9,ERA5_REANALYSIS_0.25DEG,VERIFIED,63.0,26.9,994.4,-42.4,42.4,2.8,2.8,4.2,4.2,3.14,HIT,1,CONFIRMED_BUST,Extreme Rain Error (42.4 mm >= 35.0 mm); Climatological Anomaly Exceeded (Z=3.14 >= 2.5)
2019-07-01 00:00,2019-07-10,9,IND-UP-BIH,Middle Gangetic Plains,East,NOAA_GEFS_v12_2019070100,16.0,29.7,997.8,-3.8,78.5,19.2,3280.0,4.32,ERA5_REANALYSIS_0.25DEG,VERIFIED,52.7,26.9,993.6,-36.7,36.7,2.8,2.8,4.2,4.2,2.72,HIT,1,CONFIRMED_BUST,Extreme Rain Error (36.7 mm >= 35.0 mm); Climatological Anomaly Exceeded (Z=2.72 >= 2.5)
2019-07-01 00:00,2019-07-11,10,IND-UP-BIH,Middle Gangetic Plains,East,NOAA_GEFS_v12_2019070100,21.4,29.6,1000.6,-3.8,80.0,20.0,3400.0,4.74,ERA5_REANALYSIS_0.25DEG,VERIFIED,82.1,26.8,996.4,-60.7,60.7,2.8,2.8,4.2,4.2,4.5,HIT,1,CONFIRMED_BUST,Extreme Rain Error (60.7 mm >= 35.0 mm); Climatological Anomaly Exceeded (Z=4.5 >= 2.5)
2019-07-01 00:00,2019-07-02,1,IND-NE,Northeast India,Northeast,NOAA_GEFS_v12_2019070100,0.4,28.9,1003.3,-0.7,66.5,12.8,805.0,0.96,ERA5_REANALYSIS_0.25DEG,VERIFIED,3.1,28.7,1001.9,-2.7,2.7,0.2,0.2,1.4,1.4,0.11,NOMINAL_ACCORD,0,NOMINAL,Within Acceptable Error Tolerance
2019-07-01 00:00,2019-07-03,2,IND-NE,Northeast India,Northeast,NOAA_GEFS_v12_2019070100,3.7,28.3,1001.1,-0.9,68.0,13.6,860.0,1.12,ERA5_REANALYSIS_0.25DEG,VERIFIED,2.1,28.0,1001.2,1.6,1.6,0.3,0.3,-0.1,0.1,0.07,NOMINAL_ACCORD,0,NOMINAL,Within Acceptable Error Tolerance
2019-07-01 00:00,2019-07-04,3,IND-NE,Northeast India,Northeast,NOAA_GEFS_v12_2019070100,7.1,28.8,1000.9,-1.1,69.5,14.4,915.0,1.28,ERA5_REANALYSIS_0.25DEG,VERIFIED,9.2,28.3,999.4,-2.1,2.1,0.5,0.5,1.5,1.5,0.09,NOMINAL_ACCORD,0,NOMINAL,Within Acceptable Error Tolerance
2019-07-01 00:00,2019-07-05,4,IND-NE,Northeast India,Northeast,NOAA_GEFS_v12_2019070100,1.5,27.9,999.1,-1.3,71.0,15.2,970.0,1.44,ERA5_REANALYSIS_0.25DEG,VERIFIED,6.1,27.8,998.3,-4.6,4.6,0.1,0.1,0.8,0.8,0.19,NOMINAL_ACCORD,0,NOMINAL,Within Acceptable Error Tolerance
2019-07-01 00:00,2019-07-06,5,IND-NE,Northeast India,Northeast,NOAA_GEFS_v12_2019070100,44.5,27.7,997.6,-1.5,72.5,16.0,1025.0,1.6,ERA5_REANALYSIS_0.25DEG,VERIFIED,37.4,27.4,998.2,7.1,7.1,0.3,0.3,-0.6,0.6,0.3,HIT,0,NOMINAL,Within Acceptable Error Tolerance
2019-07-01 00:00,2019-07-07,6,IND-NE,Northeast India,Northeast,NOAA_GEFS_v12_2019070100,9.7,27.2,998.1,-1.7,74.0,16.8,1080.0,1.76,ERA5_REANALYSIS_0.25DEG,VERIFIED,18.4,27.7,999.1,-8.7,8.7,-0.5,0.5,-1.0,1.0,0.36,NOMINAL_ACCORD,0,NOMINAL,Within Acceptable Error Tolerance
2019-07-01 00:00,2019-07-08,7,IND-NE,Northeast India,Northeast,NOAA_GEFS_v12_2019070100,22.1,28.1,999.6,-1.9,75.5,17.6,1135.0,1.92,ERA5_REANALYSIS_0.25DEG,VERIFIED,20.8,26.7,1000.6,1.3,1.3,1.4,1.4,-1.0,1.0,0.05,HIT,0,NOMINAL,Within Acceptable Error Tolerance
2019-07-01 00:00,2019-07-09,8,IND-NE,Northeast India,Northeast,NOAA_GEFS_v12_2019070100,0.0,25.7,1001.5,-2.1,77.0,18.4,1190.0,2.08,ERA5_REANALYSIS_0.25DEG,VERIFIED,15.8,26.0,1000.5,-15.8,15.8,-0.3,0.3,1.0,1.0,0.66,NOMINAL_ACCORD,0,NOMINAL,Within Acceptable Error Tolerance
2019-07-01 00:00,2019-07-10,9,IND-NE,Northeast India,Northeast,NOAA_GEFS_v12_2019070100,38.4,26.2,1000.6,-2.3,78.5,19.2,1245.0,2.24,ERA5_REANALYSIS_0.25DEG,VERIFIED,34.5,25.9,1000.0,3.9,3.9,0.3,0.3,0.6,0.6,0.16,HIT,0,NOMINAL,Within Acceptable Error Tolerance
2019-07-01 00:00,2019-07-11,10,IND-NE,Northeast India,Northeast,NOAA_GEFS_v12_2019070100,24.8,25.4,1003.2,-2.5,80.0,20.0,1300.0,2.4,ERA5_REANALYSIS_0.25DEG,VERIFIED,31.3,25.2,1001.9,-6.5,6.5,0.2,0.2,1.3,1.3,0.27,HIT,0,NOMINAL,Within Acceptable Error Tolerance
2019-07-01 00:00,2019-07-02,1,IND-WB-ODI,East Coast (Bengal & Odisha),East,NOAA_GEFS_v12_2019070100,30.1,26.2,996.7,-0.7,66.5,12.8,805.0,0.96,ERA5_REANALYSIS_0.25DEG,VERIFIED,24.5,26.4,996.2,5.6,5.6,-0.2,0.2,0.5,0.5,0.3,HIT,0,NOMINAL,Within Acceptable Error Tolerance
2019-07-01 00:00,2019-07-03,2,IND-WB-ODI,East Coast (Bengal & Odisha),East,NOAA_GEFS_v12_2019070100,3.4,26.8,998.8,-0.9,68.0,13.6,860.0,1.12,ERA5_REANALYSIS_0.25DEG,VERIFIED,3.7,27.0,999.0,-0.3,0.3,-0.2,0.2,-0.2,0.2,0.02,NOMINAL_ACCORD,0,NOMINAL,Within Acceptable Error Tolerance
2019-07-01 00:00,2019-07-04,3,IND-WB-ODI,East Coast (Bengal & Odisha),East,NOAA_GEFS_v12_2019070100,1.5,26.5,1000.2,-1.1,69.5,14.4,915.0,1.28,ERA5_REANALYSIS_0.25DEG,VERIFIED,3.6,27.3,998.7,-2.1,2.1,-0.8,0.8,1.5,1.5,0.11,NOMINAL_ACCORD,0,NOMINAL,Within Acceptable Error Tolerance
2019-07-01 00:00,2019-07-05,4,IND-WB-ODI,East Coast (Bengal & Odisha),East,NOAA_GEFS_v12_2019070100,37.2,26.9,994.2,-1.3,71.0,15.2,970.0,1.44,ERA5_REANALYSIS_0.25DEG,VERIFIED,33.8,26.0,995.7,3.4,3.4,0.9,0.9,-1.5,1.5,0.18,HIT,0,NOMINAL,Within Acceptable Error Tolerance
2019-07-01 00:00,2019-07-06,5,IND-WB-ODI,East Coast (Bengal & Odisha),East,NOAA_GEFS_v12_2019070100,34.9,27.1,997.1,-1.5,72.5,16.0,1025.0,1.6,ERA5_REANALYSIS_0.25DEG,VERIFIED,36.7,26.1,995.4,-1.8,1.8,1.0,1.0,1.7,1.7,0.1,HIT,0,NOMINAL,Within Acceptable Error Tolerance
2019-07-01 00:00,2019-07-07,6,IND-WB-ODI,East Coast (Bengal & Odisha),East,NOAA_GEFS_v12_2019070100,0.0,27.1,997.1,-1.7,74.0,16.8,1080.0,1.76,ERA5_REANALYSIS_0.25DEG,VERIFIED,3.0,26.9,998.2,-3.0,3.0,0.2,0.2,-1.1,1.1,0.16,NOMINAL_ACCORD,0,NOMINAL,Within Acceptable Error Tolerance
2019-07-01 00:00,2019-07-08,7,IND-WB-ODI,East Coast (Bengal & Odisha),East,NOAA_GEFS_v12_2019070100,0.0,26.7,1000.3,-1.9,75.5,17.6,1135.0,1.92,ERA5_REANALYSIS_0.25DEG,VERIFIED,5.3,27.5,999.6,-5.3,5.3,-0.8,0.8,0.7,0.7,0.29,NOMINAL_ACCORD,0,NOMINAL,Within Acceptable Error Tolerance
2019-07-01 00:00,2019-07-09,8,IND-WB-ODI,East Coast (Bengal & Odisha),East,NOAA_GEFS_v12_2019070100,5.9,26.9,1002.9,-2.1,77.0,18.4,1190.0,2.08,ERA5_REANALYSIS_0.25DEG,VERIFIED,10.6,27.3,1000.5,-4.7,4.7,-0.4,0.4,2.4,2.4,0.25,NOMINAL_ACCORD,0,NOMINAL,Within Acceptable Error Tolerance
2019-07-01 00:00,2019-07-10,9,IND-WB-ODI,East Coast (Bengal & Odisha),East,NOAA_GEFS_v12_2019070100,2.7,25.6,1001.0,-2.3,78.5,19.2,1245.0,2.24,ERA5_REANALYSIS_0.25DEG,VERIFIED,6.6,27.0,1000.9,-3.9,3.9,-1.4,1.4,0.1,0.1,0.21,NOMINAL_ACCORD,0,NOMINAL,Within Acceptable Error Tolerance
2019-07-01 00:00,2019-07-11,10,IND-WB-ODI,East Coast (Bengal & Odisha),East,NOAA_GEFS_v12_2019070100,3.6,27.0,1002.5,-2.5,80.0,20.0,1300.0,2.4,ERA5_REANALYSIS_0.25DEG,VERIFIED,3.8,27.4,1002.9,-0.2,0.2,-0.4,0.4,-0.4,0.4,0.01,NOMINAL_ACCORD,0,NOMINAL,Within Acceptable Error Tolerance
2019-07-01 00:00,2019-07-02,1,IND-CEN-MP,Central India (MP & Chhattisgarh),Central,NOAA_GEFS_v12_2019070100,51.9,26.9,998.7,-0.7,66.5,12.8,805.0,0.96,ERA5_REANALYSIS_0.25DEG,VERIFIED,51.3,26.8,997.8,0.6,0.6,0.1,0.1,0.9,0.9,0.04,HIT,0,NOMINAL,Within Acceptable Error Tolerance
2019-07-01 00:00,2019-07-03,2,IND-CEN-MP,Central India (MP & Chhattisgarh),Central,NOAA_GEFS_v12_2019070100,135.5,25.4,999.3,-0.9,68.0,13.6,860.0,1.12,ERA5_REANALYSIS_0.25DEG,VERIFIED,138.9,24.9,997.4,-3.4,3.4,0.5,0.5,1.9,1.9,0.23,HIT,0,NOMINAL,Within Acceptable Error Tolerance
2019-07-01 00:00,2019-07-04,3,IND-CEN-MP,Central India (MP & Chhattisgarh),Central,NOAA_GEFS_v12_2019070100,57.5,26.8,997.2,-1.1,69.5,14.4,915.0,1.28,ERA5_REANALYSIS_0.25DEG,VERIFIED,52.8,25.8,997.0,4.7,4.7,1.0,1.0,0.2,0.2,0.31,HIT,0,NOMINAL,Within Acceptable Error Tolerance
2019-07-01 00:00,2019-07-05,4,IND-CEN-MP,Central India (MP & Chhattisgarh),Central,NOAA_GEFS_v12_2019070100,33.3,25.3,994.7,-1.3,71.0,15.2,970.0,1.44,ERA5_REANALYSIS_0.25DEG,VERIFIED,23.7,25.5,995.9,9.6,9.6,-0.2,0.2,-1.2,1.2,0.64,HIT,0,NOMINAL,Within Acceptable Error Tolerance
2019-07-01 00:00,2019-07-06,5,IND-CEN-MP,Central India (MP & Chhattisgarh),Central,NOAA_GEFS_v12_2019070100,19.5,27.3,1000.8,-3.8,72.5,16.0,2800.0,2.64,ERA5_REANALYSIS_0.25DEG,VERIFIED,79.8,24.5,996.6,-60.3,60.3,2.8,2.8,4.2,4.2,4.02,HIT,1,CONFIRMED_BUST,Extreme Rain Error (60.3 mm >= 35.0 mm); Climatological Anomaly Exceeded (Z=4.02 >= 2.5)
2019-07-01 00:00,2019-07-07,6,IND-CEN-MP,Central India (MP & Chhattisgarh),Central,NOAA_GEFS_v12_2019070100,20.9,28.0,1000.0,-1.7,74.0,16.8,1080.0,1.76,ERA5_REANALYSIS_0.25DEG,VERIFIED,27.6,25.4,998.2,-6.7,6.7,2.6,2.6,1.8,1.8,0.45,HIT,0,NOMINAL,Within Acceptable Error Tolerance
2019-07-01 00:00,2019-07-08,7,IND-CEN-MP,Central India (MP & Chhattisgarh),Central,NOAA_GEFS_v12_2019070100,26.1,28.0,1003.7,-3.8,75.5,17.6,3040.0,3.48,ERA5_REANALYSIS_0.25DEG,VERIFIED,86.2,25.2,999.5,-60.1,60.1,2.8,2.8,4.2,4.2,4.01,HIT,1,CONFIRMED_BUST,Extreme Rain Error (60.1 mm >= 35.0 mm); Climatological Anomaly Exceeded (Z=4.01 >= 2.5)
2019-07-01 00:00,2019-07-09,8,IND-CEN-MP,Central India (MP & Chhattisgarh),Central,NOAA_GEFS_v12_2019070100,10.3,30.3,998.9,-2.1,77.0,18.4,1190.0,2.08,ERA5_REANALYSIS_0.25DEG,VERIFIED,3.3,27.4,999.5,7.0,7.0,2.9,2.9,-0.6,0.6,0.47,NOMINAL_ACCORD,0,NOMINAL,Within Acceptable Error Tolerance
2019-07-01 00:00,2019-07-10,9,IND-CEN-MP,Central India (MP & Chhattisgarh),Central,NOAA_GEFS_v12_2019070100,16.2,26.3,1000.1,-2.3,78.5,19.2,1245.0,2.24,ERA5_REANALYSIS_0.25DEG,VERIFIED,0.2,27.4,999.7,16.0,16.0,-1.1,1.1,0.4,0.4,1.07,NOMINAL_ACCORD,0,NOMINAL,Within Acceptable Error Tolerance
2019-07-01 00:00,2019-07-11,10,IND-CEN-MP,Central India (MP & Chhattisgarh),Central,NOAA_GEFS_v12_2019070100,0.0,28.0,1001.4,-2.5,80.0,20.0,1300.0,2.4,ERA5_REANALYSIS_0.25DEG,VERIFIED,0.2,28.1,1001.5,-0.2,0.2,-0.1,0.1,-0.1,0.1,0.01,NOMINAL_ACCORD,0,NOMINAL,Within Acceptable Error Tolerance
2019-07-01 00:00,2019-07-02,1,IND-MAH-DESH,Maharashtra Interior & Vidarbha,West-Central,NOAA_GEFS_v12_2019070100,8.5,25.3,1002.6,-0.7,66.5,12.8,805.0,0.96,ERA5_REANALYSIS_0.25DEG,VERIFIED,9.5,25.3,1002.8,-1.0,1.0,0.0,0.0,-0.2,0.2,0.09,NOMINAL_ACCORD,0,NOMINAL,Within Acceptable Error Tolerance
2019-07-01 00:00,2019-07-03,2,IND-MAH-DESH,Maharashtra Interior & Vidarbha,West-Central,NOAA_GEFS_v12_2019070100,0.7,26.1,1003.9,-0.9,68.0,13.6,860.0,1.12,ERA5_REANALYSIS_0.25DEG,VERIFIED,5.1,25.1,1003.3,-4.4,4.4,1.0,1.0,0.6,0.6,0.38,NOMINAL_ACCORD,0,NOMINAL,Within Acceptable Error Tolerance
2019-07-01 00:00,2019-07-04,3,IND-MAH-DESH,Maharashtra Interior & Vidarbha,West-Central,NOAA_GEFS_v12_2019070100,8.7,26.2,1002.3,-1.1,69.5,14.4,915.0,1.28,ERA5_REANALYSIS_0.25DEG,VERIFIED,2.6,27.0,1002.3,6.1,6.1,-0.8,0.8,0.0,0.0,0.53,NOMINAL_ACCORD,0,NOMINAL,Within Acceptable Error Tolerance
2019-07-01 00:00,2019-07-05,4,IND-MAH-DESH,Maharashtra Interior & Vidarbha,West-Central,NOAA_GEFS_v12_2019070100,15.1,26.5,999.1,-1.3,71.0,15.2,970.0,1.44,ERA5_REANALYSIS_0.25DEG,VERIFIED,7.7,26.4,1001.2,7.4,7.4,0.1,0.1,-2.1,2.1,0.64,NOMINAL_ACCORD,0,NOMINAL,Within Acceptable Error Tolerance
2019-07-01 00:00,2019-07-06,5,IND-MAH-DESH,Maharashtra Interior & Vidarbha,West-Central,NOAA_GEFS_v12_2019070100,1.2,26.4,1003.1,-1.5,72.5,16.0,1025.0,1.6,ERA5_REANALYSIS_0.25DEG,VERIFIED,2.7,25.7,1001.4,-1.5,1.5,0.7,0.7,1.7,1.7,0.13,NOMINAL_ACCORD,0,NOMINAL,Within Acceptable Error Tolerance
2019-07-01 00:00,2019-07-07,6,IND-MAH-DESH,Maharashtra Interior & Vidarbha,West-Central,NOAA_GEFS_v12_2019070100,7.2,26.0,1003.8,-1.7,74.0,16.8,1080.0,1.76,ERA5_REANALYSIS_0.25DEG,VERIFIED,6.1,25.9,1002.7,1.1,1.1,0.1,0.1,1.1,1.1,0.1,NOMINAL_ACCORD,0,NOMINAL,Within Acceptable Error Tolerance
2019-07-01 00:00,2019-07-08,7,IND-MAH-DESH,Maharashtra Interior & Vidarbha,West-Central,NOAA_GEFS_v12_2019070100,6.4,25.9,1001.3,-1.9,75.5,17.6,1135.0,1.92,ERA5_REANALYSIS_0.25DEG,VERIFIED,3.2,26.3,1003.7,3.2,3.2,-0.4,0.4,-2.4,2.4,0.28,NOMINAL_ACCORD,0,NOMINAL,Within Acceptable Error Tolerance
2019-07-01 00:00,2019-07-09,8,IND-MAH-DESH,Maharashtra Interior & Vidarbha,West-Central,NOAA_GEFS_v12_2019070100,0.0,27.6,1003.9,-2.1,77.0,18.4,1190.0,2.08,ERA5_REANALYSIS_0.25DEG,VERIFIED,0.3,26.9,1003.2,-0.3,0.3,0.7,0.7,0.7,0.7,0.03,NOMINAL_ACCORD,0,NOMINAL,Within Acceptable Error Tolerance
2019-07-01 00:00,2019-07-10,9,IND-MAH-DESH,Maharashtra Interior & Vidarbha,West-Central,NOAA_GEFS_v12_2019070100,8.9,25.1,1004.0,-2.3,78.5,19.2,1245.0,2.24,ERA5_REANALYSIS_0.25DEG,VERIFIED,16.2,26.1,1003.4,-7.3,7.3,-1.0,1.0,0.6,0.6,0.63,NOMINAL_ACCORD,0,NOMINAL,Within Acceptable Error Tolerance
2019-07-01 00:00,2019-07-11,10,IND-MAH-DESH,Maharashtra Interior & Vidarbha,West-Central,NOAA_GEFS_v12_2019070100,2.9,23.8,1006.1,-2.5,80.0,20.0,1300.0,2.4,ERA5_REANALYSIS_0.25DEG,VERIFIED,2.0,25.4,1006.1,0.9,0.9,-1.6,1.6,0.0,0.0,0.08,NOMINAL_ACCORD,0,NOMINAL,Within Acceptable Error Tolerance
2019-07-01 00:00,2019-07-02,1,IND-KON-GOA,Konkan & Goa Coastal Strip,West Coast,NOAA_GEFS_v12_2019070100,20.5,24.8,1005.0,-0.7,66.5,12.8,805.0,0.96,ERA5_REANALYSIS_0.25DEG,VERIFIED,20.1,25.6,1005.3,0.4,0.4,-0.8,0.8,-0.3,0.3,0.02,HIT,0,NOMINAL,Within Acceptable Error Tolerance
2019-07-01 00:00,2019-07-03,2,IND-KON-GOA,Konkan & Goa Coastal Strip,West Coast,NOAA_GEFS_v12_2019070100,23.9,24.2,1005.7,-0.9,68.0,13.6,860.0,1.12,ERA5_REANALYSIS_0.25DEG,VERIFIED,31.9,25.3,1006.0,-8.0,8.0,-1.1,1.1,-0.3,0.3,0.31,HIT,0,NOMINAL,Within Acceptable Error Tolerance
2019-07-01 00:00,2019-07-04,3,IND-KON-GOA,Konkan & Goa Coastal Strip,West Coast,NOAA_GEFS_v12_2019070100,34.1,24.0,1006.9,-1.1,69.5,14.4,915.0,1.28,ERA5_REANALYSIS_0.25DEG,VERIFIED,31.5,25.6,1005.7,2.6,2.6,-1.6,1.6,1.2,1.2,0.1,HIT,0,NOMINAL,Within Acceptable Error Tolerance
2019-07-01 00:00,2019-07-05,4,IND-KON-GOA,Konkan & Goa Coastal Strip,West Coast,NOAA_GEFS_v12_2019070100,24.9,25.4,1003.8,-1.3,71.0,15.2,970.0,1.44,ERA5_REANALYSIS_0.25DEG,VERIFIED,26.9,25.6,1004.6,-2.0,2.0,-0.2,0.2,-0.8,0.8,0.08,HIT,0,NOMINAL,Within Acceptable Error Tolerance
2019-07-01 00:00,2019-07-06,5,IND-KON-GOA,Konkan & Goa Coastal Strip,West Coast,NOAA_GEFS_v12_2019070100,38.8,25.4,1005.5,-1.5,72.5,16.0,1025.0,1.6,ERA5_REANALYSIS_0.25DEG,VERIFIED,33.8,25.6,1004.8,5.0,5.0,-0.2,0.2,0.7,0.7,0.19,HIT,0,NOMINAL,Within Acceptable Error Tolerance
2019-07-01 00:00,2019-07-07,6,IND-KON-GOA,Konkan & Goa Coastal Strip,West Coast,NOAA_GEFS_v12_2019070100,26.8,25.5,1008.0,-1.7,74.0,16.8,1080.0,1.76,ERA5_REANALYSIS_0.25DEG,VERIFIED,26.8,25.6,1006.0,0.0,0.0,-0.1,0.1,2.0,2.0,0.0,HIT,0,NOMINAL,Within Acceptable Error Tolerance
2019-07-01 00:00,2019-07-08,7,IND-KON-GOA,Konkan & Goa Coastal Strip,West Coast,NOAA_GEFS_v12_2019070100,36.9,24.2,1008.8,-1.9,75.5,17.6,1135.0,1.92,ERA5_REANALYSIS_0.25DEG,VERIFIED,34.5,25.5,1006.7,2.4,2.4,-1.3,1.3,2.1,2.1,0.09,HIT,0,NOMINAL,Within Acceptable Error Tolerance
2019-07-01 00:00,2019-07-09,8,IND-KON-GOA,Konkan & Goa Coastal Strip,West Coast,NOAA_GEFS_v12_2019070100,36.5,26.4,1005.8,-2.1,77.0,18.4,1190.0,2.08,ERA5_REANALYSIS_0.25DEG,VERIFIED,34.0,25.4,1006.4,2.5,2.5,1.0,1.0,-0.6,0.6,0.1,HIT,0,NOMINAL,Within Acceptable Error Tolerance
2019-07-01 00:00,2019-07-10,9,IND-KON-GOA,Konkan & Goa Coastal Strip,West Coast,NOAA_GEFS_v12_2019070100,18.1,24.4,1008.2,-2.3,78.5,19.2,1245.0,2.24,ERA5_REANALYSIS_0.25DEG,VERIFIED,31.4,25.0,1006.8,-13.3,13.3,-0.6,0.6,1.4,1.4,0.51,HIT,0,NOMINAL,Within Acceptable Error Tolerance
2019-07-01 00:00,2019-07-11,10,IND-KON-GOA,Konkan & Goa Coastal Strip,West Coast,NOAA_GEFS_v12_2019070100,13.3,27.1,1013.1,-3.8,80.0,20.0,3400.0,4.74,ERA5_REANALYSIS_0.25DEG,VERIFIED,53.4,24.3,1008.9,-40.1,40.1,2.8,2.8,4.2,4.2,1.54,NOMINAL_ACCORD,1,CONFIRMED_BUST,Extreme Rain Error (40.1 mm >= 35.0 mm)
2019-07-01 00:00,2019-07-02,1,IND-TEL-AP,Telangana & Coastal Andhra,South-East,NOAA_GEFS_v12_2019070100,2.1,30.0,1002.4,-0.7,66.5,12.8,805.0,0.96,ERA5_REANALYSIS_0.25DEG,VERIFIED,0.7,29.7,1001.5,1.4,1.4,0.3,0.3,0.9,0.9,0.13,NOMINAL_ACCORD,0,NOMINAL,Within Acceptable Error Tolerance
2019-07-01 00:00,2019-07-03,2,IND-TEL-AP,Telangana & Coastal Andhra,South-East,NOAA_GEFS_v12_2019070100,0.5,29.3,1003.6,-0.9,68.0,13.6,860.0,1.12,ERA5_REANALYSIS_0.25DEG,VERIFIED,2.0,29.5,1002.9,-1.5,1.5,-0.2,0.2,0.7,0.7,0.14,NOMINAL_ACCORD,0,NOMINAL,Within Acceptable Error Tolerance
2019-07-01 00:00,2019-07-04,3,IND-TEL-AP,Telangana & Coastal Andhra,South-East,NOAA_GEFS_v12_2019070100,1.9,33.7,1004.1,-1.1,69.5,14.4,915.0,1.28,ERA5_REANALYSIS_0.25DEG,VERIFIED,1.1,32.2,1001.7,0.8,0.8,1.5,1.5,2.4,2.4,0.07,NOMINAL_ACCORD,0,NOMINAL,Within Acceptable Error Tolerance
2019-07-01 00:00,2019-07-05,4,IND-TEL-AP,Telangana & Coastal Andhra,South-East,NOAA_GEFS_v12_2019070100,6.0,31.0,1001.5,-1.3,71.0,15.2,970.0,1.44,ERA5_REANALYSIS_0.25DEG,VERIFIED,3.4,29.6,1001.3,2.6,2.6,1.4,1.4,0.2,0.2,0.24,NOMINAL_ACCORD,0,NOMINAL,Within Acceptable Error Tolerance
2019-07-01 00:00,2019-07-06,5,IND-TEL-AP,Telangana & Coastal Andhra,South-East,NOAA_GEFS_v12_2019070100,0.0,29.1,1001.4,-1.5,72.5,16.0,1025.0,1.6,ERA5_REANALYSIS_0.25DEG,VERIFIED,1.1,29.6,1001.8,-1.1,1.1,-0.5,0.5,-0.4,0.4,0.1,NOMINAL_ACCORD,0,NOMINAL,Within Acceptable Error Tolerance
2019-07-01 00:00,2019-07-07,6,IND-TEL-AP,Telangana & Coastal Andhra,South-East,NOAA_GEFS_v12_2019070100,2.6,31.6,1002.9,-1.7,74.0,16.8,1080.0,1.76,ERA5_REANALYSIS_0.25DEG,VERIFIED,0.0,31.8,1002.9,2.6,2.6,-0.2,0.2,0.0,0.0,0.24,NOMINAL_ACCORD,0,NOMINAL,Within Acceptable Error Tolerance
2019-07-01 00:00,2019-07-08,7,IND-TEL-AP,Telangana & Coastal Andhra,South-East,NOAA_GEFS_v12_2019070100,5.8,32.8,1001.8,-1.9,75.5,17.6,1135.0,1.92,ERA5_REANALYSIS_0.25DEG,VERIFIED,0.0,33.1,1003.4,5.8,5.8,-0.3,0.3,-1.6,1.6,0.53,NOMINAL_ACCORD,0,NOMINAL,Within Acceptable Error Tolerance
2019-07-01 00:00,2019-07-09,8,IND-TEL-AP,Telangana & Coastal Andhra,South-East,NOAA_GEFS_v12_2019070100,0.0,32.3,1004.0,-2.1,77.0,18.4,1190.0,2.08,ERA5_REANALYSIS_0.25DEG,VERIFIED,0.0,33.1,1003.5,0.0,0.0,-0.8,0.8,0.5,0.5,0.0,NOMINAL_ACCORD,0,NOMINAL,Within Acceptable Error Tolerance
2019-07-01 00:00,2019-07-10,9,IND-TEL-AP,Telangana & Coastal Andhra,South-East,NOAA_GEFS_v12_2019070100,11.5,34.3,1002.0,-2.3,78.5,19.2,1245.0,2.24,ERA5_REANALYSIS_0.25DEG,VERIFIED,0.0,33.4,1003.4,11.5,11.5,0.9,0.9,-1.4,1.4,1.05,NOMINAL_ACCORD,0,NOMINAL,Within Acceptable Error Tolerance
2019-07-01 00:00,2019-07-11,10,IND-TEL-AP,Telangana & Coastal Andhra,South-East,NOAA_GEFS_v12_2019070100,0.0,31.9,1005.9,-2.5,80.0,20.0,1300.0,2.4,ERA5_REANALYSIS_0.25DEG,VERIFIED,0.4,32.4,1005.6,-0.4,0.4,-0.5,0.5,0.3,0.3,0.04,NOMINAL_ACCORD,0,NOMINAL,Within Acceptable Error Tolerance
2019-07-01 00:00,2019-07-02,1,IND-KAR,Karnataka Interior,South,NOAA_GEFS_v12_2019070100,8.4,24.9,1007.1,-0.7,66.5,12.8,805.0,0.96,ERA5_REANALYSIS_0.25DEG,VERIFIED,2.4,24.8,1006.7,6.0,6.0,0.1,0.1,0.4,0.4,0.57,NOMINAL_ACCORD,0,NOMINAL,Within Acceptable Error Tolerance
2019-07-01 00:00,2019-07-03,2,IND-KAR,Karnataka Interior,South,NOAA_GEFS_v12_2019070100,3.6,24.7,1009.1,-0.9,68.0,13.6,860.0,1.12,ERA5_REANALYSIS_0.25DEG,VERIFIED,3.3,24.5,1007.7,0.3,0.3,0.2,0.2,1.4,1.4,0.03,NOMINAL_ACCORD,0,NOMINAL,Within Acceptable Error Tolerance
2019-07-01 00:00,2019-07-04,3,IND-KAR,Karnataka Interior,South,NOAA_GEFS_v12_2019070100,0.0,25.1,1008.7,-1.1,69.5,14.4,915.0,1.28,ERA5_REANALYSIS_0.25DEG,VERIFIED,3.0,24.9,1007.1,-3.0,3.0,0.2,0.2,1.6,1.6,0.29,NOMINAL_ACCORD,0,NOMINAL,Within Acceptable Error Tolerance
2019-07-01 00:00,2019-07-05,4,IND-KAR,Karnataka Interior,South,NOAA_GEFS_v12_2019070100,1.8,23.7,1006.4,-1.3,71.0,15.2,970.0,1.44,ERA5_REANALYSIS_0.25DEG,VERIFIED,4.1,24.3,1006.4,-2.3,2.3,-0.6,0.6,0.0,0.0,0.22,NOMINAL_ACCORD,0,NOMINAL,Within Acceptable Error Tolerance
2019-07-01 00:00,2019-07-06,5,IND-KAR,Karnataka Interior,South,NOAA_GEFS_v12_2019070100,11.6,22.7,1006.4,-1.5,72.5,16.0,1025.0,1.6,ERA5_REANALYSIS_0.25DEG,VERIFIED,5.6,24.1,1006.8,6.0,6.0,-1.4,1.4,-0.4,0.4,0.57,NOMINAL_ACCORD,0,NOMINAL,Within Acceptable Error Tolerance
2019-07-01 00:00,2019-07-07,6,IND-KAR,Karnataka Interior,South,NOAA_GEFS_v12_2019070100,0.0,24.4,1009.9,-1.7,74.0,16.8,1080.0,1.76,ERA5_REANALYSIS_0.25DEG,VERIFIED,4.0,24.1,1008.2,-4.0,4.0,0.3,0.3,1.7,1.7,0.38,NOMINAL_ACCORD,0,NOMINAL,Within Acceptable Error Tolerance
2019-07-01 00:00,2019-07-08,7,IND-KAR,Karnataka Interior,South,NOAA_GEFS_v12_2019070100,0.0,25.2,1009.9,-1.9,75.5,17.6,1135.0,1.92,ERA5_REANALYSIS_0.25DEG,VERIFIED,3.3,24.5,1008.9,-3.3,3.3,0.7,0.7,1.0,1.0,0.31,NOMINAL_ACCORD,0,NOMINAL,Within Acceptable Error Tolerance
2019-07-01 00:00,2019-07-09,8,IND-KAR,Karnataka Interior,South,NOAA_GEFS_v12_2019070100,24.9,24.6,1007.9,-2.1,77.0,18.4,1190.0,2.08,ERA5_REANALYSIS_0.25DEG,VERIFIED,11.2,23.8,1008.7,13.7,13.7,0.8,0.8,-0.8,0.8,1.3,NOMINAL_ACCORD,0,NOMINAL,Within Acceptable Error Tolerance
2019-07-01 00:00,2019-07-10,9,IND-KAR,Karnataka Interior,South,NOAA_GEFS_v12_2019070100,0.6,26.8,1008.6,-2.3,78.5,19.2,1245.0,2.24,ERA5_REANALYSIS_0.25DEG,VERIFIED,4.8,23.5,1009.0,-4.2,4.2,3.3,3.3,-0.4,0.4,0.4,NOMINAL_ACCORD,0,NOMINAL,Within Acceptable Error Tolerance
2019-07-01 00:00,2019-07-11,10,IND-KAR,Karnataka Interior,South,NOAA_GEFS_v12_2019070100,1.5,22.2,1009.9,-2.5,80.0,20.0,1300.0,2.4,ERA5_REANALYSIS_0.25DEG,VERIFIED,1.0,23.4,1010.6,0.5,0.5,-1.2,1.2,-0.7,0.7,0.05,NOMINAL_ACCORD,0,NOMINAL,Within Acceptable Error Tolerance
2019-07-01 00:00,2019-07-02,1,IND-KER,Kerala Coast & High Ranges,South Coast,NOAA_GEFS_v12_2019070100,25.6,25.4,1009.4,-0.7,66.5,12.8,805.0,0.96,ERA5_REANALYSIS_0.25DEG,VERIFIED,22.3,25.3,1008.4,3.3,3.3,0.1,0.1,1.0,1.0,0.15,HIT,0,NOMINAL,Within Acceptable Error Tolerance
2019-07-01 00:00,2019-07-03,2,IND-KER,Kerala Coast & High Ranges,South Coast,NOAA_GEFS_v12_2019070100,15.7,25.7,1010.0,-0.9,68.0,13.6,860.0,1.12,ERA5_REANALYSIS_0.25DEG,VERIFIED,15.9,25.9,1009.1,-0.2,0.2,-0.2,0.2,0.9,0.9,0.01,HIT,0,NOMINAL,Within Acceptable Error Tolerance
2019-07-01 00:00,2019-07-04,3,IND-KER,Kerala Coast & High Ranges,South Coast,NOAA_GEFS_v12_2019070100,23.0,26.8,1009.7,-1.1,69.5,14.4,915.0,1.28,ERA5_REANALYSIS_0.25DEG,VERIFIED,17.6,25.6,1009.1,5.4,5.4,1.2,1.2,0.6,0.6,0.25,HIT,0,NOMINAL,Within Acceptable Error Tolerance
2019-07-01 00:00,2019-07-05,4,IND-KER,Kerala Coast & High Ranges,South Coast,NOAA_GEFS_v12_2019070100,21.9,25.4,1010.9,-1.3,71.0,15.2,970.0,1.44,ERA5_REANALYSIS_0.25DEG,VERIFIED,25.6,25.1,1008.5,-3.7,3.7,0.3,0.3,2.4,2.4,0.17,HIT,0,NOMINAL,Within Acceptable Error Tolerance
2019-07-01 00:00,2019-07-06,5,IND-KER,Kerala Coast & High Ranges,South Coast,NOAA_GEFS_v12_2019070100,19.6,24.8,1008.1,-1.5,72.5,16.0,1025.0,1.6,ERA5_REANALYSIS_0.25DEG,VERIFIED,21.4,25.2,1008.7,-1.8,1.8,-0.4,0.4,-0.6,0.6,0.08,HIT,0,NOMINAL,Within Acceptable Error Tolerance
2019-07-01 00:00,2019-07-07,6,IND-KER,Kerala Coast & High Ranges,South Coast,NOAA_GEFS_v12_2019070100,7.9,26.0,1009.7,-1.7,74.0,16.8,1080.0,1.76,ERA5_REANALYSIS_0.25DEG,VERIFIED,11.6,26.1,1009.6,-3.7,3.7,-0.1,0.1,0.1,0.1,0.17,NOMINAL_ACCORD,0,NOMINAL,Within Acceptable Error Tolerance
2019-07-01 00:00,2019-07-08,7,IND-KER,Kerala Coast & High Ranges,South Coast,NOAA_GEFS_v12_2019070100,2.6,25.6,1009.6,-1.9,75.5,17.6,1135.0,1.92,ERA5_REANALYSIS_0.25DEG,VERIFIED,7.7,26.5,1010.0,-5.1,5.1,-0.9,0.9,-0.4,0.4,0.23,NOMINAL_ACCORD,0,NOMINAL,Within Acceptable Error Tolerance
2019-07-01 00:00,2019-07-09,8,IND-KER,Kerala Coast & High Ranges,South Coast,NOAA_GEFS_v12_2019070100,10.7,24.8,1009.6,-2.1,77.0,18.4,1190.0,2.08,ERA5_REANALYSIS_0.25DEG,VERIFIED,24.7,25.0,1009.9,-14.0,14.0,-0.2,0.2,-0.3,0.3,0.64,NOMINAL_ACCORD,0,NOMINAL,Within Acceptable Error Tolerance
2019-07-01 00:00,2019-07-10,9,IND-KER,Kerala Coast & High Ranges,South Coast,NOAA_GEFS_v12_2019070100,16.4,24.9,1008.4,-2.3,78.5,19.2,1245.0,2.24,ERA5_REANALYSIS_0.25DEG,VERIFIED,18.3,24.9,1010.0,-1.9,1.9,0.0,0.0,-1.6,1.6,0.09,HIT,0,NOMINAL,Within Acceptable Error Tolerance
2019-07-01 00:00,2019-07-11,10,IND-KER,Kerala Coast & High Ranges,South Coast,NOAA_GEFS_v12_2019070100,3.7,25.7,1011.7,-2.5,80.0,20.0,1300.0,2.4,ERA5_REANALYSIS_0.25DEG,VERIFIED,1.6,26.6,1009.9,2.1,2.1,-0.9,0.9,1.8,1.8,0.1,NOMINAL_ACCORD,0,NOMINAL,Within Acceptable Error Tolerance
2019-07-01 00:00,2019-07-02,1,IND-TN,Tamil Nadu & Puducherry,South,NOAA_GEFS_v12_2019070100,0.0,30.9,1004.5,-0.7,66.5,12.8,805.0,0.96,ERA5_REANALYSIS_0.25DEG,VERIFIED,0.0,31.6,1004.9,0.0,0.0,-0.7,0.7,-0.4,0.4,0.0,NOMINAL_ACCORD,0,NOMINAL,Within Acceptable Error Tolerance
2019-07-01 00:00,2019-07-03,2,IND-TN,Tamil Nadu & Puducherry,South,NOAA_GEFS_v12_2019070100,0.3,32.3,1007.0,-0.9,68.0,13.6,860.0,1.12,ERA5_REANALYSIS_0.25DEG,VERIFIED,0.0,32.0,1005.8,0.3,0.3,0.3,0.3,1.2,1.2,0.05,NOMINAL_ACCORD,0,NOMINAL,Within Acceptable Error Tolerance
2019-07-01 00:00,2019-07-04,3,IND-TN,Tamil Nadu & Puducherry,South,NOAA_GEFS_v12_2019070100,0.2,32.0,1005.6,-1.1,69.5,14.4,915.0,1.28,ERA5_REANALYSIS_0.25DEG,VERIFIED,0.1,31.8,1005.7,0.1,0.1,0.2,0.2,-0.1,0.1,0.02,NOMINAL_ACCORD,0,NOMINAL,Within Acceptable Error Tolerance
2019-07-01 00:00,2019-07-05,4,IND-TN,Tamil Nadu & Puducherry,South,NOAA_GEFS_v12_2019070100,0.0,31.8,1004.4,-1.3,71.0,15.2,970.0,1.44,ERA5_REANALYSIS_0.25DEG,VERIFIED,0.1,31.5,1005.0,-0.1,0.1,0.3,0.3,-0.6,0.6,0.02,NOMINAL_ACCORD,0,NOMINAL,Within Acceptable Error Tolerance
2019-07-01 00:00,2019-07-06,5,IND-TN,Tamil Nadu & Puducherry,South,NOAA_GEFS_v12_2019070100,12.8,31.0,1005.5,-1.5,72.5,16.0,1025.0,1.6,ERA5_REANALYSIS_0.25DEG,VERIFIED,0.0,31.1,1005.6,12.8,12.8,-0.1,0.1,-0.1,0.1,1.97,NOMINAL_ACCORD,0,NOMINAL,Within Acceptable Error Tolerance
2019-07-01 00:00,2019-07-07,6,IND-TN,Tamil Nadu & Puducherry,South,NOAA_GEFS_v12_2019070100,0.0,29.2,1006.6,-1.7,74.0,16.8,1080.0,1.76,ERA5_REANALYSIS_0.25DEG,VERIFIED,0.0,31.2,1006.7,0.0,0.0,-2.0,2.0,-0.1,0.1,0.0,NOMINAL_ACCORD,0,NOMINAL,Within Acceptable Error Tolerance
2019-07-01 00:00,2019-07-08,7,IND-TN,Tamil Nadu & Puducherry,South,NOAA_GEFS_v12_2019070100,3.8,31.6,1007.7,-1.9,75.5,17.6,1135.0,1.92,ERA5_REANALYSIS_0.25DEG,VERIFIED,0.0,32.0,1006.8,3.8,3.8,-0.4,0.4,0.9,0.9,0.58,NOMINAL_ACCORD,0,NOMINAL,Within Acceptable Error Tolerance
2019-07-01 00:00,2019-07-09,8,IND-TN,Tamil Nadu & Puducherry,South,NOAA_GEFS_v12_2019070100,0.0,31.7,1007.4,-2.1,77.0,18.4,1190.0,2.08,ERA5_REANALYSIS_0.25DEG,VERIFIED,0.1,31.5,1006.9,-0.1,0.1,0.2,0.2,0.5,0.5,0.02,NOMINAL_ACCORD,0,NOMINAL,Within Acceptable Error Tolerance
2019-07-01 00:00,2019-07-10,9,IND-TN,Tamil Nadu & Puducherry,South,NOAA_GEFS_v12_2019070100,5.1,30.7,1007.1,-2.3,78.5,19.2,1245.0,2.24,ERA5_REANALYSIS_0.25DEG,VERIFIED,0.1,30.4,1007.3,5.0,5.0,0.3,0.3,-0.2,0.2,0.77,NOMINAL_ACCORD,0,NOMINAL,Within Acceptable Error Tolerance
2019-07-01 00:00,2019-07-11,10,IND-TN,Tamil Nadu & Puducherry,South,NOAA_GEFS_v12_2019070100,0.0,33.8,1009.6,-2.5,80.0,20.0,1300.0,2.4,ERA5_REANALYSIS_0.25DEG,VERIFIED,0.4,31.4,1008.1,-0.4,0.4,2.4,2.4,1.5,1.5,0.06,NOMINAL_ACCORD,0,NOMINAL,Within Acceptable Error Tolerance
2019-07-05 00:00,2019-07-06,1,IND-NW-HIM,Western Himalayas,North,NOAA_GEFS_v12_2019070500,0.0,-5.0,1013.8,-0.7,66.5,12.8,805.0,0.96,ERA5_REANALYSIS_0.25DEG,VERIFIED,0.0,-5.1,1013.2,0.0,0.0,0.1,0.1,0.6,0.6,0.0,NOMINAL_ACCORD,0,NOMINAL,Within Acceptable Error Tolerance
2019-07-05 00:00,2019-07-07,2,IND-NW-HIM,Western Himalayas,North,NOAA_GEFS_v12_2019070500,0.7,-4.0,1011.7,-0.9,68.0,13.6,860.0,1.12,ERA5_REANALYSIS_0.25DEG,VERIFIED,0.0,-3.8,1013.4,0.7,0.7,-0.2,0.2,-1.7,1.7,0.06,NOMINAL_ACCORD,0,NOMINAL,Within Acceptable Error Tolerance
2019-07-05 00:00,2019-07-08,3,IND-NW-HIM,Western Himalayas,North,NOAA_GEFS_v12_2019070500,0.0,-2.6,1011.5,-1.1,69.5,14.4,915.0,1.28,ERA5_REANALYSIS_0.25DEG,VERIFIED,0.1,-3.1,1013.2,-0.1,0.1,0.5,0.5,-1.7,1.7,0.01,NOMINAL_ACCORD,0,NOMINAL,Within Acceptable Error Tolerance
2019-07-05 00:00,2019-07-09,4,IND-NW-HIM,Western Himalayas,North,NOAA_GEFS_v12_2019070500,0.5,-3.0,1012.4,-1.3,71.0,15.2,970.0,1.44,ERA5_REANALYSIS_0.25DEG,VERIFIED,0.0,-3.1,1011.9,0.5,0.5,0.1,0.1,0.5,0.5,0.04,NOMINAL_ACCORD,0,NOMINAL,Within Acceptable Error Tolerance
2019-07-05 00:00,2019-07-10,5,IND-NW-HIM,Western Himalayas,North,NOAA_GEFS_v12_2019070500,0.7,-1.9,1012.5,-1.5,72.5,16.0,1025.0,1.6,ERA5_REANALYSIS_0.25DEG,VERIFIED,0.4,-3.0,1012.5,0.3,0.3,1.1,1.1,0.0,0.0,0.02,NOMINAL_ACCORD,0,NOMINAL,Within Acceptable Error Tolerance
2019-07-05 00:00,2019-07-11,6,IND-NW-HIM,Western Himalayas,North,NOAA_GEFS_v12_2019070500,0.0,-3.5,1013.7,-1.7,74.0,16.8,1080.0,1.76,ERA5_REANALYSIS_0.25DEG,VERIFIED,0.3,-2.8,1013.5,-0.3,0.3,-0.7,0.7,0.2,0.2,0.02,NOMINAL_ACCORD,0,NOMINAL,Within Acceptable Error Tolerance
2019-07-05 00:00,2019-07-12,7,IND-NW-HIM,Western Himalayas,North,NOAA_GEFS_v12_2019070500,0.0,-2.4,1014.5,-1.9,75.5,17.6,1135.0,1.92,ERA5_REANALYSIS_0.25DEG,VERIFIED,2.2,-3.3,1015.2,-2.2,2.2,0.9,0.9,-0.7,0.7,0.18,NOMINAL_ACCORD,0,NOMINAL,Within Acceptable Error Tolerance
2019-07-05 00:00,2019-07-13,8,IND-NW-HIM,Western Himalayas,North,NOAA_GEFS_v12_2019070500,0.0,-3.4,1014.7,-2.1,77.0,18.4,1190.0,2.08,ERA5_REANALYSIS_0.25DEG,VERIFIED,0.0,-3.9,1014.7,0.0,0.0,0.5,0.5,0.0,0.0,0.0,NOMINAL_ACCORD,0,NOMINAL,Within Acceptable Error Tolerance
2019-07-05 00:00,2019-07-14,9,IND-NW-HIM,Western Himalayas,North,NOAA_GEFS_v12_2019070500,4.3,-5.5,1014.3,-2.3,78.5,19.2,1245.0,2.24,ERA5_REANALYSIS_0.25DEG,VERIFIED,0.5,-3.8,1012.1,3.8,3.8,-1.7,1.7,2.2,2.2,0.3,NOMINAL_ACCORD,0,NOMINAL,Within Acceptable Error Tolerance
2019-07-05 00:00,2019-07-15,10,IND-NW-HIM,Western Himalayas,North,NOAA_GEFS_v12_2019070500,0.0,-4.0,1011.6,-2.5,80.0,20.0,1300.0,2.4,ERA5_REANALYSIS_0.25DEG,VERIFIED,1.2,-3.9,1011.7,-1.2,1.2,-0.1,0.1,-0.1,0.1,0.1,NOMINAL_ACCORD,0,NOMINAL,Within Acceptable Error Tolerance
2019-07-05 00:00,2019-07-06,1,IND-NW-PLN,Indo-Gangetic NW Plains,North,NOAA_GEFS_v12_2019070500,1.2,31.1,993.5,-0.7,66.5,12.8,805.0,0.96,ERA5_REANALYSIS_0.25DEG,VERIFIED,1.0,30.7,994.6,0.2,0.2,0.4,0.4,-1.1,1.1,0.02,NOMINAL_ACCORD,0,NOMINAL,Within Acceptable Error Tolerance
2019-07-05 00:00,2019-07-07,2,IND-NW-PLN,Indo-Gangetic NW Plains,North,NOAA_GEFS_v12_2019070500,0.0,30.4,994.8,-0.9,68.0,13.6,860.0,1.12,ERA5_REANALYSIS_0.25DEG,VERIFIED,0.1,31.7,995.1,-0.1,0.1,-1.3,1.3,-0.3,0.3,0.01,NOMINAL_ACCORD,0,NOMINAL,Within Acceptable Error Tolerance
2019-07-05 00:00,2019-07-08,3,IND-NW-PLN,Indo-Gangetic NW Plains,North,NOAA_GEFS_v12_2019070500,0.5,30.9,994.9,-1.1,69.5,14.4,915.0,1.28,ERA5_REANALYSIS_0.25DEG,VERIFIED,0.6,31.7,994.8,-0.1,0.1,-0.8,0.8,0.1,0.1,0.01,NOMINAL_ACCORD,0,NOMINAL,Within Acceptable Error Tolerance
2019-07-05 00:00,2019-07-09,4,IND-NW-PLN,Indo-Gangetic NW Plains,North,NOAA_GEFS_v12_2019070500,11.9,30.0,994.0,-1.3,71.0,15.2,970.0,1.44,ERA5_REANALYSIS_0.25DEG,VERIFIED,6.3,30.6,995.1,5.6,5.6,-0.6,0.6,-1.1,1.1,0.51,NOMINAL_ACCORD,0,NOMINAL,Within Acceptable Error Tolerance
2019-07-05 00:00,2019-07-10,5,IND-NW-PLN,Indo-Gangetic NW Plains,North,NOAA_GEFS_v12_2019070500,12.9,28.8,993.3,-1.5,72.5,16.0,1025.0,1.6,ERA5_REANALYSIS_0.25DEG,VERIFIED,6.5,29.7,994.3,6.4,6.4,-0.9,0.9,-1.0,1.0,0.58,NOMINAL_ACCORD,0,NOMINAL,Within Acceptable Error Tolerance
2019-07-05 00:00,2019-07-11,6,IND-NW-PLN,Indo-Gangetic NW Plains,North,NOAA_GEFS_v12_2019070500,66.0,29.2,991.3,-2.5,74.0,16.8,1600.0,3.3,ERA5_REANALYSIS_0.25DEG,VERIFIED,3.0,31.7,994.8,63.0,63.0,-2.5,2.5,-3.5,3.5,5.73,FALSE_ALARM_HEAVY,1,CONFIRMED_BUST,Catastrophic False Alarm (Fcst >= 64.5mm with Obs < 10mm); Extreme Rain Error (63.0 mm >= 35.0 mm); Climatological Anomaly Exceeded (Z=5.73 >= 2.5)
2019-07-05 00:00,2019-07-12,7,IND-NW-PLN,Indo-Gangetic NW Plains,North,NOAA_GEFS_v12_2019070500,70.1,28.9,993.9,-2.5,75.5,17.6,1600.0,3.5,ERA5_REANALYSIS_0.25DEG,VERIFIED,3.6,31.4,997.4,66.5,66.5,-2.5,2.5,-3.5,3.5,6.05,FALSE_ALARM_HEAVY,1,CONFIRMED_BUST,Catastrophic False Alarm (Fcst >= 64.5mm with Obs < 10mm); Extreme Rain Error (66.5 mm >= 35.0 mm); Climatological Anomaly Exceeded (Z=6.05 >= 2.5)
2019-07-05 00:00,2019-07-13,8,IND-NW-PLN,Indo-Gangetic NW Plains,North,NOAA_GEFS_v12_2019070500,70.5,28.5,993.8,-2.5,77.0,18.4,1600.0,3.7,ERA5_REANALYSIS_0.25DEG,VERIFIED,0.5,31.0,997.3,70.0,70.0,-2.5,2.5,-3.5,3.5,6.36,FALSE_ALARM_HEAVY,1,CONFIRMED_BUST,Catastrophic False Alarm (Fcst >= 64.5mm with Obs < 10mm); Extreme Rain Error (70.0 mm >= 35.0 mm); Climatological Anomaly Exceeded (Z=6.36 >= 2.5)
2019-07-05 00:00,2019-07-14,9,IND-NW-PLN,Indo-Gangetic NW Plains,North,NOAA_GEFS_v12_2019070500,0.0,28.7,996.2,-2.3,78.5,19.2,1245.0,2.24,ERA5_REANALYSIS_0.25DEG,VERIFIED,6.4,29.2,996.6,-6.4,6.4,-0.5,0.5,-0.4,0.4,0.58,NOMINAL_ACCORD,0,NOMINAL,Within Acceptable Error Tolerance
2019-07-05 00:00,2019-07-15,10,IND-NW-PLN,Indo-Gangetic NW Plains,North,NOAA_GEFS_v12_2019070500,27.4,26.1,995.7,-2.5,80.0,20.0,1300.0,2.4,ERA5_REANALYSIS_0.25DEG,VERIFIED,14.3,27.6,997.0,13.1,13.1,-1.5,1.5,-1.3,1.3,1.19,NOMINAL_ACCORD,0,NOMINAL,Within Acceptable Error Tolerance
2019-07-05 00:00,2019-07-06,1,IND-RAJ,Rajasthan (Arid & Semi-Arid),West,NOAA_GEFS_v12_2019070500,1.5,33.8,995.1,-0.7,66.5,12.8,805.0,0.96,ERA5_REANALYSIS_0.25DEG,VERIFIED,0.0,34.5,994.3,1.5,1.5,-0.7,0.7,0.8,0.8,0.2,NOMINAL_ACCORD,0,NOMINAL,Within Acceptable Error Tolerance
2019-07-05 00:00,2019-07-07,2,IND-RAJ,Rajasthan (Arid & Semi-Arid),West,NOAA_GEFS_v12_2019070500,0.0,35.0,994.7,-0.9,68.0,13.6,860.0,1.12,ERA5_REANALYSIS_0.25DEG,VERIFIED,0.0,34.3,996.0,0.0,0.0,0.7,0.7,-1.3,1.3,0.0,NOMINAL_ACCORD,0,NOMINAL,Within Acceptable Error Tolerance
2019-07-05 00:00,2019-07-08,3,IND-RAJ,Rajasthan (Arid & Semi-Arid),West,NOAA_GEFS_v12_2019070500,0.0,34.6,994.1,-1.1,69.5,14.4,915.0,1.28,ERA5_REANALYSIS_0.25DEG,VERIFIED,0.0,34.2,996.2,0.0,0.0,0.4,0.4,-2.1,2.1,0.0,NOMINAL_ACCORD,0,NOMINAL,Within Acceptable Error Tolerance
2019-07-05 00:00,2019-07-09,4,IND-RAJ,Rajasthan (Arid & Semi-Arid),West,NOAA_GEFS_v12_2019070500,4.8,33.7,996.9,-1.3,71.0,15.2,970.0,1.44,ERA5_REANALYSIS_0.25DEG,VERIFIED,0.0,33.3,995.5,4.8,4.8,0.4,0.4,1.4,1.4,0.64,NOMINAL_ACCORD,0,NOMINAL,Within Acceptable Error Tolerance
2019-07-05 00:00,2019-07-10,5,IND-RAJ,Rajasthan (Arid & Semi-Arid),West,NOAA_GEFS_v12_2019070500,59.5,30.5,992.4,-2.5,72.5,16.0,1600.0,3.1,ERA5_REANALYSIS_0.25DEG,VERIFIED,0.0,33.0,995.9,59.5,59.5,-2.5,2.5,-3.5,3.5,7.93,NOMINAL_ACCORD,1,CONFIRMED_BUST,Extreme Rain Error (59.5 mm >= 35.0 mm); Climatological Anomaly Exceeded (Z=7.93 >= 2.5)
2019-07-05 00:00,2019-07-11,6,IND-RAJ,Rajasthan (Arid & Semi-Arid),West,NOAA_GEFS_v12_2019070500,63.0,30.3,993.6,-2.5,74.0,16.8,1600.0,3.3,ERA5_REANALYSIS_0.25DEG,VERIFIED,0.0,32.8,997.1,63.0,63.0,-2.5,2.5,-3.5,3.5,8.4,NOMINAL_ACCORD,1,CONFIRMED_BUST,Extreme Rain Error (63.0 mm >= 35.0 mm); Climatological Anomaly Exceeded (Z=8.4 >= 2.5)
2019-07-05 00:00,2019-07-12,7,IND-RAJ,Rajasthan (Arid & Semi-Arid),West,NOAA_GEFS_v12_2019070500,66.7,30.2,996.1,-2.5,75.5,17.6,1600.0,3.5,ERA5_REANALYSIS_0.25DEG,VERIFIED,0.2,32.7,999.6,66.5,66.5,-2.5,2.5,-3.5,3.5,8.87,FALSE_ALARM_HEAVY,1,CONFIRMED_BUST,Catastrophic False Alarm (Fcst >= 64.5mm with Obs < 10mm); Extreme Rain Error (66.5 mm >= 35.0 mm); Climatological Anomaly Exceeded (Z=8.87 >= 2.5)
2019-07-05 00:00,2019-07-13,8,IND-RAJ,Rajasthan (Arid & Semi-Arid),West,NOAA_GEFS_v12_2019070500,70.0,29.8,996.2,-2.5,77.0,18.4,1600.0,3.7,ERA5_REANALYSIS_0.25DEG,VERIFIED,0.0,32.3,999.7,70.0,70.0,-2.5,2.5,-3.5,3.5,9.33,FALSE_ALARM_HEAVY,1,CONFIRMED_BUST,Catastrophic False Alarm (Fcst >= 64.5mm with Obs < 10mm); Extreme Rain Error (70.0 mm >= 35.0 mm); Climatological Anomaly Exceeded (Z=9.33 >= 2.5)
2019-07-05 00:00,2019-07-14,9,IND-RAJ,Rajasthan (Arid & Semi-Arid),West,NOAA_GEFS_v12_2019070500,73.7,29.3,994.3,-2.5,78.5,19.2,1600.0,3.9,ERA5_REANALYSIS_0.25DEG,VERIFIED,0.2,31.8,997.8,73.5,73.5,-2.5,2.5,-3.5,3.5,9.8,FALSE_ALARM_HEAVY,1,CONFIRMED_BUST,Catastrophic False Alarm (Fcst >= 64.5mm with Obs < 10mm); Extreme Rain Error (73.5 mm >= 35.0 mm); Climatological Anomaly Exceeded (Z=9.8 >= 2.5)
2019-07-05 00:00,2019-07-15,10,IND-RAJ,Rajasthan (Arid & Semi-Arid),West,NOAA_GEFS_v12_2019070500,77.0,29.5,993.7,-2.5,80.0,20.0,1600.0,4.1,ERA5_REANALYSIS_0.25DEG,VERIFIED,0.0,32.0,997.2,77.0,77.0,-2.5,2.5,-3.5,3.5,10.27,FALSE_ALARM_HEAVY,1,CONFIRMED_BUST,Catastrophic False Alarm (Fcst >= 64.5mm with Obs < 10mm); Extreme Rain Error (77.0 mm >= 35.0 mm); Climatological Anomaly Exceeded (Z=10.27 >= 2.5)
2019-07-05 00:00,2019-07-06,1,IND-GUJ,Gujarat & Saurashtra,West,NOAA_GEFS_v12_2019070500,3.8,29.7,996.9,-0.7,66.5,12.8,805.0,0.96,ERA5_REANALYSIS_0.25DEG,VERIFIED,3.3,29.4,997.6,0.5,0.5,0.3,0.3,-0.7,0.7,0.04,NOMINAL_ACCORD,0,NOMINAL,Within Acceptable Error Tolerance
2019-07-05 00:00,2019-07-07,2,IND-GUJ,Gujarat & Saurashtra,West,NOAA_GEFS_v12_2019070500,3.8,32.3,997.1,-0.9,68.0,13.6,860.0,1.12,ERA5_REANALYSIS_0.25DEG,VERIFIED,0.0,31.5,998.7,3.8,3.8,0.8,0.8,-1.6,1.6,0.27,NOMINAL_ACCORD,0,NOMINAL,Within Acceptable Error Tolerance
2019-07-05 00:00,2019-07-08,3,IND-GUJ,Gujarat & Saurashtra,West,NOAA_GEFS_v12_2019070500,0.0,30.8,1000.5,-1.1,69.5,14.4,915.0,1.28,ERA5_REANALYSIS_0.25DEG,VERIFIED,0.2,31.2,999.5,-0.2,0.2,-0.4,0.4,1.0,1.0,0.01,NOMINAL_ACCORD,0,NOMINAL,Within Acceptable Error Tolerance
2019-07-05 00:00,2019-07-09,4,IND-GUJ,Gujarat & Saurashtra,West,NOAA_GEFS_v12_2019070500,0.0,32.7,997.0,-1.3,71.0,15.2,970.0,1.44,ERA5_REANALYSIS_0.25DEG,VERIFIED,0.0,31.2,998.8,0.0,0.0,1.5,1.5,-1.8,1.8,0.0,NOMINAL_ACCORD,0,NOMINAL,Within Acceptable Error Tolerance
2019-07-05 00:00,2019-07-10,5,IND-GUJ,Gujarat & Saurashtra,West,NOAA_GEFS_v12_2019070500,3.2,32.2,1001.5,-1.5,72.5,16.0,1025.0,1.6,ERA5_REANALYSIS_0.25DEG,VERIFIED,0.0,31.4,999.5,3.2,3.2,0.8,0.8,2.0,2.0,0.23,NOMINAL_ACCORD,0,NOMINAL,Within Acceptable Error Tolerance
2019-07-05 00:00,2019-07-11,6,IND-GUJ,Gujarat & Saurashtra,West,NOAA_GEFS_v12_2019070500,3.5,32.9,1000.8,-1.7,74.0,16.8,1080.0,1.76,ERA5_REANALYSIS_0.25DEG,VERIFIED,0.0,31.5,1001.2,3.5,3.5,1.4,1.4,-0.4,0.4,0.25,NOMINAL_ACCORD,0,NOMINAL,Within Acceptable Error Tolerance
2019-07-05 00:00,2019-07-12,7,IND-GUJ,Gujarat & Saurashtra,West,NOAA_GEFS_v12_2019070500,0.0,31.4,1002.6,-1.9,75.5,17.6,1135.0,1.92,ERA5_REANALYSIS_0.25DEG,VERIFIED,0.0,31.0,1003.1,0.0,0.0,0.4,0.4,-0.5,0.5,0.0,NOMINAL_ACCORD,0,NOMINAL,Within Acceptable Error Tolerance
2019-07-05 00:00,2019-07-13,8,IND-GUJ,Gujarat & Saurashtra,West,NOAA_GEFS_v12_2019070500,0.0,29.1,1003.6,-2.1,77.0,18.4,1190.0,2.08,ERA5_REANALYSIS_0.25DEG,VERIFIED,0.0,30.5,1003.9,0.0,0.0,-1.4,1.4,-0.3,0.3,0.0,NOMINAL_ACCORD,0,NOMINAL,Within Acceptable Error Tolerance
2019-07-05 00:00,2019-07-14,9,IND-GUJ,Gujarat & Saurashtra,West,NOAA_GEFS_v12_2019070500,0.0,29.9,1002.4,-2.3,78.5,19.2,1245.0,2.24,ERA5_REANALYSIS_0.25DEG,VERIFIED,0.1,30.6,1002.5,-0.1,0.1,-0.7,0.7,-0.1,0.1,0.01,NOMINAL_ACCORD,0,NOMINAL,Within Acceptable Error Tolerance
2019-07-05 00:00,2019-07-15,10,IND-GUJ,Gujarat & Saurashtra,West,NOAA_GEFS_v12_2019070500,12.4,28.2,1001.9,-2.5,80.0,20.0,1300.0,2.4,ERA5_REANALYSIS_0.25DEG,VERIFIED,0.4,30.4,1001.7,12.0,12.0,-2.2,2.2,0.2,0.2,0.86,NOMINAL_ACCORD,0,NOMINAL,Within Acceptable Error Tolerance
2019-07-05 00:00,2019-07-06,1,IND-UP-BIH,Middle Gangetic Plains,East,NOAA_GEFS_v12_2019070500,5.9,30.5,994.2,-0.7,66.5,12.8,805.0,0.96,ERA5_REANALYSIS_0.25DEG,VERIFIED,1.6,31.0,993.4,4.3,4.3,-0.5,0.5,0.8,0.8,0.32,NOMINAL_ACCORD,0,NOMINAL,Within Acceptable Error Tolerance
2019-07-05 00:00,2019-07-07,2,IND-UP-BIH,Middle Gangetic Plains,East,NOAA_GEFS_v12_2019070500,38.9,26.8,994.9,-0.9,68.0,13.6,860.0,1.12,ERA5_REANALYSIS_0.25DEG,VERIFIED,36.3,28.0,994.2,2.6,2.6,-1.2,1.2,0.7,0.7,0.19,HIT,0,NOMINAL,Within Acceptable Error Tolerance
2019-07-05 00:00,2019-07-08,3,IND-UP-BIH,Middle Gangetic Plains,East,NOAA_GEFS_v12_2019070500,36.4,26.7,994.0,-1.1,69.5,14.4,915.0,1.28,ERA5_REANALYSIS_0.25DEG,VERIFIED,42.2,26.9,994.0,-5.8,5.8,-0.2,0.2,0.0,0.0,0.43,HIT,0,NOMINAL,Within Acceptable Error Tolerance
2019-07-05 00:00,2019-07-09,4,IND-UP-BIH,Middle Gangetic Plains,East,NOAA_GEFS_v12_2019070500,15.4,29.7,998.6,-3.8,71.0,15.2,2680.0,2.22,ERA5_REANALYSIS_0.25DEG,VERIFIED,63.0,26.9,994.4,-47.6,47.6,2.8,2.8,4.2,4.2,3.53,NOMINAL_ACCORD,1,CONFIRMED_BUST,Extreme Rain Error (47.6 mm >= 35.0 mm); Climatological Anomaly Exceeded (Z=3.53 >= 2.5)
2019-07-05 00:00,2019-07-10,5,IND-UP-BIH,Middle Gangetic Plains,East,NOAA_GEFS_v12_2019070500,11.9,29.7,997.8,-3.8,72.5,16.0,2800.0,2.64,ERA5_REANALYSIS_0.25DEG,VERIFIED,52.7,26.9,993.6,-40.8,40.8,2.8,2.8,4.2,4.2,3.02,NOMINAL_ACCORD,1,CONFIRMED_BUST,Extreme Rain Error (40.8 mm >= 35.0 mm); Climatological Anomaly Exceeded (Z=3.02 >= 2.5)
2019-07-05 00:00,2019-07-11,6,IND-UP-BIH,Middle Gangetic Plains,East,NOAA_GEFS_v12_2019070500,22.1,29.6,1000.6,-3.8,74.0,16.8,2920.0,3.06,ERA5_REANALYSIS_0.25DEG,VERIFIED,82.1,26.8,996.4,-60.0,60.0,2.8,2.8,4.2,4.2,4.44,HIT,1,CONFIRMED_BUST,Extreme Rain Error (60.0 mm >= 35.0 mm); Climatological Anomaly Exceeded (Z=4.44 >= 2.5)
2019-07-05 00:00,2019-07-12,7,IND-UP-BIH,Middle Gangetic Plains,East,NOAA_GEFS_v12_2019070500,27.4,27.7,998.9,-1.9,75.5,17.6,1135.0,1.92,ERA5_REANALYSIS_0.25DEG,VERIFIED,21.8,28.0,999.3,5.6,5.6,-0.3,0.3,-0.4,0.4,0.41,HIT,0,NOMINAL,Within Acceptable Error Tolerance
2019-07-05 00:00,2019-07-13,8,IND-UP-BIH,Middle Gangetic Plains,East,NOAA_GEFS_v12_2019070500,2.7,27.7,998.4,-2.1,77.0,18.4,1190.0,2.08,ERA5_REANALYSIS_0.25DEG,VERIFIED,7.1,29.5,998.5,-4.4,4.4,-1.8,1.8,-0.1,0.1,0.33,NOMINAL_ACCORD,0,NOMINAL,Within Acceptable Error Tolerance
2019-07-05 00:00,2019-07-14,9,IND-UP-BIH,Middle Gangetic Plains,East,NOAA_GEFS_v12_2019070500,0.0,28.4,997.0,-2.3,78.5,19.2,1245.0,2.24,ERA5_REANALYSIS_0.25DEG,VERIFIED,1.1,30.5,997.2,-1.1,1.1,-2.1,2.1,-0.2,0.2,0.08,NOMINAL_ACCORD,0,NOMINAL,Within Acceptable Error Tolerance
2019-07-05 00:00,2019-07-15,10,IND-UP-BIH,Middle Gangetic Plains,East,NOAA_GEFS_v12_2019070500,6.8,32.3,996.8,-2.5,80.0,20.0,1300.0,2.4,ERA5_REANALYSIS_0.25DEG,VERIFIED,1.8,31.1,997.5,5.0,5.0,1.2,1.2,-0.7,0.7,0.37,NOMINAL_ACCORD,0,NOMINAL,Within Acceptable Error Tolerance
2019-07-05 00:00,2019-07-06,1,IND-NE,Northeast India,Northeast,NOAA_GEFS_v12_2019070500,39.9,27.1,998.5,-0.7,66.5,12.8,805.0,0.96,ERA5_REANALYSIS_0.25DEG,VERIFIED,37.4,27.4,998.2,2.5,2.5,-0.3,0.3,0.3,0.3,0.1,HIT,0,NOMINAL,Within Acceptable Error Tolerance
2019-07-05 00:00,2019-07-07,2,IND-NE,Northeast India,Northeast,NOAA_GEFS_v12_2019070500,14.1,28.1,999.0,-0.9,68.0,13.6,860.0,1.12,ERA5_REANALYSIS_0.25DEG,VERIFIED,18.4,27.7,999.1,-4.3,4.3,0.4,0.4,-0.1,0.1,0.18,NOMINAL_ACCORD,0,NOMINAL,Within Acceptable Error Tolerance
2019-07-05 00:00,2019-07-08,3,IND-NE,Northeast India,Northeast,NOAA_GEFS_v12_2019070500,19.8,26.5,1001.7,-1.1,69.5,14.4,915.0,1.28,ERA5_REANALYSIS_0.25DEG,VERIFIED,20.8,26.7,1000.6,-1.0,1.0,-0.2,0.2,1.1,1.1,0.04,HIT,0,NOMINAL,Within Acceptable Error Tolerance
2019-07-05 00:00,2019-07-09,4,IND-NE,Northeast India,Northeast,NOAA_GEFS_v12_2019070500,25.3,27.5,1000.4,-1.3,71.0,15.2,970.0,1.44,ERA5_REANALYSIS_0.25DEG,VERIFIED,15.8,26.0,1000.5,9.5,9.5,1.5,1.5,-0.1,0.1,0.4,HIT,0,NOMINAL,Within Acceptable Error Tolerance
2019-07-05 00:00,2019-07-10,5,IND-NE,Northeast India,Northeast,NOAA_GEFS_v12_2019070500,34.9,25.8,1000.7,-1.5,72.5,16.0,1025.0,1.6,ERA5_REANALYSIS_0.25DEG,VERIFIED,34.5,25.9,1000.0,0.4,0.4,-0.1,0.1,0.7,0.7,0.02,HIT,0,NOMINAL,Within Acceptable Error Tolerance
2019-07-05 00:00,2019-07-11,6,IND-NE,Northeast India,Northeast,NOAA_GEFS_v12_2019070500,29.0,26.4,1002.8,-1.7,74.0,16.8,1080.0,1.76,ERA5_REANALYSIS_0.25DEG,VERIFIED,31.3,25.2,1001.9,-2.3,2.3,1.2,1.2,0.9,0.9,0.1,HIT,0,NOMINAL,Within Acceptable Error Tolerance
2019-07-05 00:00,2019-07-12,7,IND-NE,Northeast India,Northeast,NOAA_GEFS_v12_2019070500,10.8,25.4,1004.3,-1.9,75.5,17.6,1135.0,1.92,ERA5_REANALYSIS_0.25DEG,VERIFIED,16.7,25.8,1002.6,-5.9,5.9,-0.4,0.4,1.7,1.7,0.25,NOMINAL_ACCORD,0,NOMINAL,Within Acceptable Error Tolerance
2019-07-05 00:00,2019-07-13,8,IND-NE,Northeast India,Northeast,NOAA_GEFS_v12_2019070500,30.1,25.8,1000.5,-2.1,77.0,18.4,1190.0,2.08,ERA5_REANALYSIS_0.25DEG,VERIFIED,25.7,25.8,1001.6,4.4,4.4,0.0,0.0,-1.1,1.1,0.18,HIT,0,NOMINAL,Within Acceptable Error Tolerance
2019-07-05 00:00,2019-07-14,9,IND-NE,Northeast India,Northeast,NOAA_GEFS_v12_2019070500,5.0,26.8,1001.0,-2.3,78.5,19.2,1245.0,2.24,ERA5_REANALYSIS_0.25DEG,VERIFIED,11.6,25.4,999.6,-6.6,6.6,1.4,1.4,1.4,1.4,0.27,NOMINAL_ACCORD,0,NOMINAL,Within Acceptable Error Tolerance
2019-07-05 00:00,2019-07-15,10,IND-NE,Northeast India,Northeast,NOAA_GEFS_v12_2019070500,10.0,27.6,1004.8,-3.8,80.0,20.0,3400.0,4.74,ERA5_REANALYSIS_0.25DEG,VERIFIED,41.6,24.8,1000.6,-31.6,31.6,2.8,2.8,4.2,4.2,1.32,NOMINAL_ACCORD,0,NOMINAL,Within Acceptable Error Tolerance
2019-07-05 00:00,2019-07-06,1,IND-WB-ODI,East Coast (Bengal & Odisha),East,NOAA_GEFS_v12_2019070500,38.3,26.7,995.8,-0.7,66.5,12.8,805.0,0.96,ERA5_REANALYSIS_0.25DEG,VERIFIED,36.7,26.1,995.4,1.6,1.6,0.6,0.6,0.4,0.4,0.09,HIT,0,NOMINAL,Within Acceptable Error Tolerance
2019-07-05 00:00,2019-07-07,2,IND-WB-ODI,East Coast (Bengal & Odisha),East,NOAA_GEFS_v12_2019070500,2.5,27.7,997.8,-0.9,68.0,13.6,860.0,1.12,ERA5_REANALYSIS_0.25DEG,VERIFIED,3.0,26.9,998.2,-0.5,0.5,0.8,0.8,-0.4,0.4,0.03,NOMINAL_ACCORD,0,NOMINAL,Within Acceptable Error Tolerance
2019-07-05 00:00,2019-07-08,3,IND-WB-ODI,East Coast (Bengal & Odisha),East,NOAA_GEFS_v12_2019070500,0.8,26.6,998.9,-1.1,69.5,14.4,915.0,1.28,ERA5_REANALYSIS_0.25DEG,VERIFIED,5.3,27.5,999.6,-4.5,4.5,-0.9,0.9,-0.7,0.7,0.24,NOMINAL_ACCORD,0,NOMINAL,Within Acceptable Error Tolerance
2019-07-05 00:00,2019-07-09,4,IND-WB-ODI,East Coast (Bengal & Odisha),East,NOAA_GEFS_v12_2019070500,5.5,26.8,1000.6,-1.3,71.0,15.2,970.0,1.44,ERA5_REANALYSIS_0.25DEG,VERIFIED,10.6,27.3,1000.5,-5.1,5.1,-0.5,0.5,0.1,0.1,0.28,NOMINAL_ACCORD,0,NOMINAL,Within Acceptable Error Tolerance
2019-07-05 00:00,2019-07-10,5,IND-WB-ODI,East Coast (Bengal & Odisha),East,NOAA_GEFS_v12_2019070500,0.0,27.5,1000.4,-1.5,72.5,16.0,1025.0,1.6,ERA5_REANALYSIS_0.25DEG,VERIFIED,6.6,27.0,1000.9,-6.6,6.6,0.5,0.5,-0.5,0.5,0.36,NOMINAL_ACCORD,0,NOMINAL,Within Acceptable Error Tolerance
2019-07-05 00:00,2019-07-11,6,IND-WB-ODI,East Coast (Bengal & Odisha),East,NOAA_GEFS_v12_2019070500,4.9,28.8,1002.7,-1.7,74.0,16.8,1080.0,1.76,ERA5_REANALYSIS_0.25DEG,VERIFIED,3.8,27.4,1002.9,1.1,1.1,1.4,1.4,-0.2,0.2,0.06,NOMINAL_ACCORD,0,NOMINAL,Within Acceptable Error Tolerance
2019-07-05 00:00,2019-07-12,7,IND-WB-ODI,East Coast (Bengal & Odisha),East,NOAA_GEFS_v12_2019070500,5.5,25.3,1002.6,-1.9,75.5,17.6,1135.0,1.92,ERA5_REANALYSIS_0.25DEG,VERIFIED,7.9,27.0,1004.6,-2.4,2.4,-1.7,1.7,-2.0,2.0,0.13,NOMINAL_ACCORD,0,NOMINAL,Within Acceptable Error Tolerance
2019-07-05 00:00,2019-07-13,8,IND-WB-ODI,East Coast (Bengal & Odisha),East,NOAA_GEFS_v12_2019070500,0.2,28.1,1003.8,-2.1,77.0,18.4,1190.0,2.08,ERA5_REANALYSIS_0.25DEG,VERIFIED,1.8,27.8,1003.8,-1.6,1.6,0.3,0.3,0.0,0.0,0.09,NOMINAL_ACCORD,0,NOMINAL,Within Acceptable Error Tolerance
2019-07-05 00:00,2019-07-14,9,IND-WB-ODI,East Coast (Bengal & Odisha),East,NOAA_GEFS_v12_2019070500,3.9,29.5,1002.3,-2.3,78.5,19.2,1245.0,2.24,ERA5_REANALYSIS_0.25DEG,VERIFIED,0.9,28.8,1001.7,3.0,3.0,0.7,0.7,0.6,0.6,0.16,NOMINAL_ACCORD,0,NOMINAL,Within Acceptable Error Tolerance
2019-07-05 00:00,2019-07-15,10,IND-WB-ODI,East Coast (Bengal & Odisha),East,NOAA_GEFS_v12_2019070500,2.8,27.4,1000.4,-2.5,80.0,20.0,1300.0,2.4,ERA5_REANALYSIS_0.25DEG,VERIFIED,7.6,28.8,1001.3,-4.8,4.8,-1.4,1.4,-0.9,0.9,0.26,NOMINAL_ACCORD,0,NOMINAL,Within Acceptable Error Tolerance
2019-07-05 00:00,2019-07-06,1,IND-CEN-MP,Central India (MP & Chhattisgarh),Central,NOAA_GEFS_v12_2019070500,79.6,24.2,996.5,-0.7,66.5,12.8,805.0,0.96,ERA5_REANALYSIS_0.25DEG,VERIFIED,79.8,24.5,996.6,-0.2,0.2,-0.3,0.3,-0.1,0.1,0.01,HIT,0,NOMINAL,Within Acceptable Error Tolerance
2019-07-05 00:00,2019-07-07,2,IND-CEN-MP,Central India (MP & Chhattisgarh),Central,NOAA_GEFS_v12_2019070500,24.5,24.9,996.3,-0.9,68.0,13.6,860.0,1.12,ERA5_REANALYSIS_0.25DEG,VERIFIED,27.6,25.4,998.2,-3.1,3.1,-0.5,0.5,-1.9,1.9,0.21,HIT,0,NOMINAL,Within Acceptable Error Tolerance
2019-07-05 00:00,2019-07-08,3,IND-CEN-MP,Central India (MP & Chhattisgarh),Central,NOAA_GEFS_v12_2019070500,80.8,26.0,999.7,-1.1,69.5,14.4,915.0,1.28,ERA5_REANALYSIS_0.25DEG,VERIFIED,86.2,25.2,999.5,-5.4,5.4,0.8,0.8,0.2,0.2,0.36,HIT,0,NOMINAL,Within Acceptable Error Tolerance
2019-07-05 00:00,2019-07-09,4,IND-CEN-MP,Central India (MP & Chhattisgarh),Central,NOAA_GEFS_v12_2019070500,12.6,27.9,999.8,-1.3,71.0,15.2,970.0,1.44,ERA5_REANALYSIS_0.25DEG,VERIFIED,3.3,27.4,999.5,9.3,9.3,0.5,0.5,0.3,0.3,0.62,NOMINAL_ACCORD,0,NOMINAL,Within Acceptable Error Tolerance
2019-07-05 00:00,2019-07-10,5,IND-CEN-MP,Central India (MP & Chhattisgarh),Central,NOAA_GEFS_v12_2019070500,1.3,28.8,998.2,-1.5,72.5,16.0,1025.0,1.6,ERA5_REANALYSIS_0.25DEG,VERIFIED,0.2,27.4,999.7,1.1,1.1,1.4,1.4,-1.5,1.5,0.07,NOMINAL_ACCORD,0,NOMINAL,Within Acceptable Error Tolerance
2019-07-05 00:00,2019-07-11,6,IND-CEN-MP,Central India (MP & Chhattisgarh),Central,NOAA_GEFS_v12_2019070500,0.0,28.1,1001.3,-1.7,74.0,16.8,1080.0,1.76,ERA5_REANALYSIS_0.25DEG,VERIFIED,0.2,28.1,1001.5,-0.2,0.2,0.0,0.0,-0.2,0.2,0.01,NOMINAL_ACCORD,0,NOMINAL,Within Acceptable Error Tolerance
2019-07-05 00:00,2019-07-12,7,IND-CEN-MP,Central India (MP & Chhattisgarh),Central,NOAA_GEFS_v12_2019070500,2.0,28.7,1003.9,-1.9,75.5,17.6,1135.0,1.92,ERA5_REANALYSIS_0.25DEG,VERIFIED,0.0,28.1,1003.8,2.0,2.0,0.6,0.6,0.1,0.1,0.13,NOMINAL_ACCORD,0,NOMINAL,Within Acceptable Error Tolerance
2019-07-05 00:00,2019-07-13,8,IND-CEN-MP,Central India (MP & Chhattisgarh),Central,NOAA_GEFS_v12_2019070500,3.3,28.5,1003.3,-2.1,77.0,18.4,1190.0,2.08,ERA5_REANALYSIS_0.25DEG,VERIFIED,0.0,28.7,1003.8,3.3,3.3,-0.2,0.2,-0.5,0.5,0.22,NOMINAL_ACCORD,0,NOMINAL,Within Acceptable Error Tolerance
2019-07-05 00:00,2019-07-14,9,IND-CEN-MP,Central India (MP & Chhattisgarh),Central,NOAA_GEFS_v12_2019070500,0.0,29.8,1002.8,-2.3,78.5,19.2,1245.0,2.24,ERA5_REANALYSIS_0.25DEG,VERIFIED,0.2,28.2,1002.3,-0.2,0.2,1.6,1.6,0.5,0.5,0.01,NOMINAL_ACCORD,0,NOMINAL,Within Acceptable Error Tolerance
2019-07-05 00:00,2019-07-15,10,IND-CEN-MP,Central India (MP & Chhattisgarh),Central,NOAA_GEFS_v12_2019070500,6.7,27.7,1002.8,-2.5,80.0,20.0,1300.0,2.4,ERA5_REANALYSIS_0.25DEG,VERIFIED,0.2,28.5,1001.5,6.5,6.5,-0.8,0.8,1.3,1.3,0.43,NOMINAL_ACCORD,0,NOMINAL,Within Acceptable Error Tolerance
2019-07-05 00:00,2019-07-06,1,IND-MAH-DESH,Maharashtra Interior & Vidarbha,West-Central,NOAA_GEFS_v12_2019070500,0.0,25.7,1000.5,-0.7,66.5,12.8,805.0,0.96,ERA5_REANALYSIS_0.25DEG,VERIFIED,2.7,25.7,1001.4,-2.7,2.7,0.0,0.0,-0.9,0.9,0.23,NOMINAL_ACCORD,0,NOMINAL,Within Acceptable Error Tolerance
2019-07-05 00:00,2019-07-07,2,IND-MAH-DESH,Maharashtra Interior & Vidarbha,West-Central,NOAA_GEFS_v12_2019070500,4.5,25.8,1002.1,-0.9,68.0,13.6,860.0,1.12,ERA5_REANALYSIS_0.25DEG,VERIFIED,6.1,25.9,1002.7,-1.6,1.6,-0.1,0.1,-0.6,0.6,0.14,NOMINAL_ACCORD,0,NOMINAL,Within Acceptable Error Tolerance
2019-07-05 00:00,2019-07-08,3,IND-MAH-DESH,Maharashtra Interior & Vidarbha,West-Central,NOAA_GEFS_v12_2019070500,2.6,26.7,1006.2,-1.1,69.5,14.4,915.0,1.28,ERA5_REANALYSIS_0.25DEG,VERIFIED,3.2,26.3,1003.7,-0.6,0.6,0.4,0.4,2.5,2.5,0.05,NOMINAL_ACCORD,0,NOMINAL,Within Acceptable Error Tolerance
2019-07-05 00:00,2019-07-09,4,IND-MAH-DESH,Maharashtra Interior & Vidarbha,West-Central,NOAA_GEFS_v12_2019070500,0.0,27.2,1003.4,-1.3,71.0,15.2,970.0,1.44,ERA5_REANALYSIS_0.25DEG,VERIFIED,0.3,26.9,1003.2,-0.3,0.3,0.3,0.3,0.2,0.2,0.03,NOMINAL_ACCORD,0,NOMINAL,Within Acceptable Error Tolerance
2019-07-05 00:00,2019-07-10,5,IND-MAH-DESH,Maharashtra Interior & Vidarbha,West-Central,NOAA_GEFS_v12_2019070500,12.2,26.8,1005.1,-1.5,72.5,16.0,1025.0,1.6,ERA5_REANALYSIS_0.25DEG,VERIFIED,16.2,26.1,1003.4,-4.0,4.0,0.7,0.7,1.7,1.7,0.35,NOMINAL_ACCORD,0,NOMINAL,Within Acceptable Error Tolerance
2019-07-05 00:00,2019-07-11,6,IND-MAH-DESH,Maharashtra Interior & Vidarbha,West-Central,NOAA_GEFS_v12_2019070500,0.0,26.9,1005.2,-1.7,74.0,16.8,1080.0,1.76,ERA5_REANALYSIS_0.25DEG,VERIFIED,2.0,25.4,1006.1,-2.0,2.0,1.5,1.5,-0.9,0.9,0.17,NOMINAL_ACCORD,0,NOMINAL,Within Acceptable Error Tolerance
2019-07-05 00:00,2019-07-12,7,IND-MAH-DESH,Maharashtra Interior & Vidarbha,West-Central,NOAA_GEFS_v12_2019070500,0.0,28.6,1007.2,-1.9,75.5,17.6,1135.0,1.92,ERA5_REANALYSIS_0.25DEG,VERIFIED,0.2,26.8,1007.3,-0.2,0.2,1.8,1.8,-0.1,0.1,0.02,NOMINAL_ACCORD,0,NOMINAL,Within Acceptable Error Tolerance
2019-07-05 00:00,2019-07-13,8,IND-MAH-DESH,Maharashtra Interior & Vidarbha,West-Central,NOAA_GEFS_v12_2019070500,0.0,26.6,1008.7,-2.1,77.0,18.4,1190.0,2.08,ERA5_REANALYSIS_0.25DEG,VERIFIED,0.8,27.6,1007.4,-0.8,0.8,-1.0,1.0,1.3,1.3,0.07,NOMINAL_ACCORD,0,NOMINAL,Within Acceptable Error Tolerance
2019-07-05 00:00,2019-07-14,9,IND-MAH-DESH,Maharashtra Interior & Vidarbha,West-Central,NOAA_GEFS_v12_2019070500,13.3,26.9,1006.2,-2.3,78.5,19.2,1245.0,2.24,ERA5_REANALYSIS_0.25DEG,VERIFIED,0.7,27.7,1006.1,12.6,12.6,-0.8,0.8,0.1,0.1,1.1,NOMINAL_ACCORD,0,NOMINAL,Within Acceptable Error Tolerance
2019-07-05 00:00,2019-07-15,10,IND-MAH-DESH,Maharashtra Interior & Vidarbha,West-Central,NOAA_GEFS_v12_2019070500,0.5,30.1,1006.7,-2.5,80.0,20.0,1300.0,2.4,ERA5_REANALYSIS_0.25DEG,VERIFIED,0.7,27.8,1005.2,-0.2,0.2,2.3,2.3,1.5,1.5,0.02,NOMINAL_ACCORD,0,NOMINAL,Within Acceptable Error Tolerance
2019-07-05 00:00,2019-07-06,1,IND-KON-GOA,Konkan & Goa Coastal Strip,West Coast,NOAA_GEFS_v12_2019070500,32.0,25.3,1007.3,-0.7,66.5,12.8,805.0,0.96,ERA5_REANALYSIS_0.25DEG,VERIFIED,33.8,25.6,1004.8,-1.8,1.8,-0.3,0.3,2.5,2.5,0.07,HIT,0,NOMINAL,Within Acceptable Error Tolerance
2019-07-05 00:00,2019-07-07,2,IND-KON-GOA,Konkan & Goa Coastal Strip,West Coast,NOAA_GEFS_v12_2019070500,30.5,25.6,1007.3,-0.9,68.0,13.6,860.0,1.12,ERA5_REANALYSIS_0.25DEG,VERIFIED,26.8,25.6,1006.0,3.7,3.7,0.0,0.0,1.3,1.3,0.14,HIT,0,NOMINAL,Within Acceptable Error Tolerance
2019-07-05 00:00,2019-07-08,3,IND-KON-GOA,Konkan & Goa Coastal Strip,West Coast,NOAA_GEFS_v12_2019070500,37.9,25.2,1007.1,-1.1,69.5,14.4,915.0,1.28,ERA5_REANALYSIS_0.25DEG,VERIFIED,34.5,25.5,1006.7,3.4,3.4,-0.3,0.3,0.4,0.4,0.13,HIT,0,NOMINAL,Within Acceptable Error Tolerance
2019-07-05 00:00,2019-07-09,4,IND-KON-GOA,Konkan & Goa Coastal Strip,West Coast,NOAA_GEFS_v12_2019070500,33.6,25.9,1005.7,-1.3,71.0,15.2,970.0,1.44,ERA5_REANALYSIS_0.25DEG,VERIFIED,34.0,25.4,1006.4,-0.4,0.4,0.5,0.5,-0.7,0.7,0.02,HIT,0,NOMINAL,Within Acceptable Error Tolerance
2019-07-05 00:00,2019-07-10,5,IND-KON-GOA,Konkan & Goa Coastal Strip,West Coast,NOAA_GEFS_v12_2019070500,42.0,22.6,1005.6,-1.5,72.5,16.0,1025.0,1.6,ERA5_REANALYSIS_0.25DEG,VERIFIED,31.4,25.0,1006.8,10.6,10.6,-2.4,2.4,-1.2,1.2,0.41,HIT,0,NOMINAL,Within Acceptable Error Tolerance
2019-07-05 00:00,2019-07-11,6,IND-KON-GOA,Konkan & Goa Coastal Strip,West Coast,NOAA_GEFS_v12_2019070500,14.1,27.1,1013.1,-3.8,74.0,16.8,2920.0,3.06,ERA5_REANALYSIS_0.25DEG,VERIFIED,53.4,24.3,1008.9,-39.3,39.3,2.8,2.8,4.2,4.2,1.51,NOMINAL_ACCORD,1,CONFIRMED_BUST,Extreme Rain Error (39.3 mm >= 35.0 mm)
2019-07-05 00:00,2019-07-12,7,IND-KON-GOA,Konkan & Goa Coastal Strip,West Coast,NOAA_GEFS_v12_2019070500,11.9,25.2,1008.5,-1.9,75.5,17.6,1135.0,1.92,ERA5_REANALYSIS_0.25DEG,VERIFIED,11.8,25.2,1009.4,0.1,0.1,0.0,0.0,-0.9,0.9,0.0,NOMINAL_ACCORD,0,NOMINAL,Within Acceptable Error Tolerance
2019-07-05 00:00,2019-07-13,8,IND-KON-GOA,Konkan & Goa Coastal Strip,West Coast,NOAA_GEFS_v12_2019070500,26.8,26.2,1009.1,-2.1,77.0,18.4,1190.0,2.08,ERA5_REANALYSIS_0.25DEG,VERIFIED,20.8,25.7,1009.6,6.0,6.0,0.5,0.5,-0.5,0.5,0.23,HIT,0,NOMINAL,Within Acceptable Error Tolerance
2019-07-05 00:00,2019-07-14,9,IND-KON-GOA,Konkan & Goa Coastal Strip,West Coast,NOAA_GEFS_v12_2019070500,19.9,27.3,1008.0,-2.3,78.5,19.2,1245.0,2.24,ERA5_REANALYSIS_0.25DEG,VERIFIED,22.7,25.5,1008.9,-2.8,2.8,1.8,1.8,-0.9,0.9,0.11,HIT,0,NOMINAL,Within Acceptable Error Tolerance
2019-07-05 00:00,2019-07-15,10,IND-KON-GOA,Konkan & Goa Coastal Strip,West Coast,NOAA_GEFS_v12_2019070500,19.2,23.9,1007.7,-2.5,80.0,20.0,1300.0,2.4,ERA5_REANALYSIS_0.25DEG,VERIFIED,17.1,25.6,1007.9,2.1,2.1,-1.7,1.7,-0.2,0.2,0.08,HIT,0,NOMINAL,Within Acceptable Error Tolerance
2019-07-05 00:00,2019-07-06,1,IND-TEL-AP,Telangana & Coastal Andhra,South-East,NOAA_GEFS_v12_2019070500,3.4,29.4,1001.8,-0.7,66.5,12.8,805.0,0.96,ERA5_REANALYSIS_0.25DEG,VERIFIED,1.1,29.6,1001.8,2.3,2.3,-0.2,0.2,0.0,0.0,0.21,NOMINAL_ACCORD,0,NOMINAL,Within Acceptable Error Tolerance
2019-07-05 00:00,2019-07-07,2,IND-TEL-AP,Telangana & Coastal Andhra,South-East,NOAA_GEFS_v12_2019070500,0.0,32.4,1003.0,-0.9,68.0,13.6,860.0,1.12,ERA5_REANALYSIS_0.25DEG,VERIFIED,0.0,31.8,1002.9,0.0,0.0,0.6,0.6,0.1,0.1,0.0,NOMINAL_ACCORD,0,NOMINAL,Within Acceptable Error Tolerance
2019-07-05 00:00,2019-07-08,3,IND-TEL-AP,Telangana & Coastal Andhra,South-East,NOAA_GEFS_v12_2019070500,0.0,33.1,1005.1,-1.1,69.5,14.4,915.0,1.28,ERA5_REANALYSIS_0.25DEG,VERIFIED,0.0,33.1,1003.4,0.0,0.0,0.0,0.0,1.7,1.7,0.0,NOMINAL_ACCORD,0,NOMINAL,Within Acceptable Error Tolerance
2019-07-05 00:00,2019-07-09,4,IND-TEL-AP,Telangana & Coastal Andhra,South-East,NOAA_GEFS_v12_2019070500,9.4,32.6,1004.8,-1.3,71.0,15.2,970.0,1.44,ERA5_REANALYSIS_0.25DEG,VERIFIED,0.0,33.1,1003.5,9.4,9.4,-0.5,0.5,1.3,1.3,0.85,NOMINAL_ACCORD,0,NOMINAL,Within Acceptable Error Tolerance
2019-07-05 00:00,2019-07-10,5,IND-TEL-AP,Telangana & Coastal Andhra,South-East,NOAA_GEFS_v12_2019070500,0.0,32.2,1004.8,-1.5,72.5,16.0,1025.0,1.6,ERA5_REANALYSIS_0.25DEG,VERIFIED,0.0,33.4,1003.4,0.0,0.0,-1.2,1.2,1.4,1.4,0.0,NOMINAL_ACCORD,0,NOMINAL,Within Acceptable Error Tolerance
2019-07-05 00:00,2019-07-11,6,IND-TEL-AP,Telangana & Coastal Andhra,South-East,NOAA_GEFS_v12_2019070500,0.0,32.4,1005.4,-1.7,74.0,16.8,1080.0,1.76,ERA5_REANALYSIS_0.25DEG,VERIFIED,0.4,32.4,1005.6,-0.4,0.4,0.0,0.0,-0.2,0.2,0.04,NOMINAL_ACCORD,0,NOMINAL,Within Acceptable Error Tolerance
2019-07-05 00:00,2019-07-12,7,IND-TEL-AP,Telangana & Coastal Andhra,South-East,NOAA_GEFS_v12_2019070500,0.0,32.7,1007.2,-1.9,75.5,17.6,1135.0,1.92,ERA5_REANALYSIS_0.25DEG,VERIFIED,0.3,33.0,1006.6,-0.3,0.3,-0.3,0.3,0.6,0.6,0.03,NOMINAL_ACCORD,0,NOMINAL,Within Acceptable Error Tolerance
2019-07-05 00:00,2019-07-13,8,IND-TEL-AP,Telangana & Coastal Andhra,South-East,NOAA_GEFS_v12_2019070500,7.5,32.4,1008.5,-2.1,77.0,18.4,1190.0,2.08,ERA5_REANALYSIS_0.25DEG,VERIFIED,6.3,32.1,1006.7,1.2,1.2,0.3,0.3,1.8,1.8,0.11,NOMINAL_ACCORD,0,NOMINAL,Within Acceptable Error Tolerance
2019-07-05 00:00,2019-07-14,9,IND-TEL-AP,Telangana & Coastal Andhra,South-East,NOAA_GEFS_v12_2019070500,0.0,30.0,1004.7,-2.3,78.5,19.2,1245.0,2.24,ERA5_REANALYSIS_0.25DEG,VERIFIED,3.2,30.0,1005.6,-3.2,3.2,0.0,0.0,-0.9,0.9,0.29,NOMINAL_ACCORD,0,NOMINAL,Within Acceptable Error Tolerance
2019-07-05 00:00,2019-07-15,10,IND-TEL-AP,Telangana & Coastal Andhra,South-East,NOAA_GEFS_v12_2019070500,13.0,30.8,1006.0,-2.5,80.0,20.0,1300.0,2.4,ERA5_REANALYSIS_0.25DEG,VERIFIED,3.3,30.1,1004.5,9.7,9.7,0.7,0.7,1.5,1.5,0.88,NOMINAL_ACCORD,0,NOMINAL,Within Acceptable Error Tolerance
2019-07-05 00:00,2019-07-06,1,IND-KAR,Karnataka Interior,South,NOAA_GEFS_v12_2019070500,4.4,24.7,1008.2,-0.7,66.5,12.8,805.0,0.96,ERA5_REANALYSIS_0.25DEG,VERIFIED,5.6,24.1,1006.8,-1.2,1.2,0.6,0.6,1.4,1.4,0.11,NOMINAL_ACCORD,0,NOMINAL,Within Acceptable Error Tolerance
2019-07-05 00:00,2019-07-07,2,IND-KAR,Karnataka Interior,South,NOAA_GEFS_v12_2019070500,0.6,24.6,1008.1,-0.9,68.0,13.6,860.0,1.12,ERA5_REANALYSIS_0.25DEG,VERIFIED,4.0,24.1,1008.2,-3.4,3.4,0.5,0.5,-0.1,0.1,0.32,NOMINAL_ACCORD,0,NOMINAL,Within Acceptable Error Tolerance
2019-07-05 00:00,2019-07-08,3,IND-KAR,Karnataka Interior,South,NOAA_GEFS_v12_2019070500,0.0,23.9,1008.0,-1.1,69.5,14.4,915.0,1.28,ERA5_REANALYSIS_0.25DEG,VERIFIED,3.3,24.5,1008.9,-3.3,3.3,-0.6,0.6,-0.9,0.9,0.31,NOMINAL_ACCORD,0,NOMINAL,Within Acceptable Error Tolerance
2019-07-05 00:00,2019-07-09,4,IND-KAR,Karnataka Interior,South,NOAA_GEFS_v12_2019070500,24.7,24.2,1010.7,-1.3,71.0,15.2,970.0,1.44,ERA5_REANALYSIS_0.25DEG,VERIFIED,11.2,23.8,1008.7,13.5,13.5,0.4,0.4,2.0,2.0,1.29,NOMINAL_ACCORD,0,NOMINAL,Within Acceptable Error Tolerance
2019-07-05 00:00,2019-07-10,5,IND-KAR,Karnataka Interior,South,NOAA_GEFS_v12_2019070500,1.5,22.7,1008.2,-1.5,72.5,16.0,1025.0,1.6,ERA5_REANALYSIS_0.25DEG,VERIFIED,4.8,23.5,1009.0,-3.3,3.3,-0.8,0.8,-0.8,0.8,0.31,NOMINAL_ACCORD,0,NOMINAL,Within Acceptable Error Tolerance
2019-07-05 00:00,2019-07-11,6,IND-KAR,Karnataka Interior,South,NOAA_GEFS_v12_2019070500,0.0,23.2,1010.3,-1.7,74.0,16.8,1080.0,1.76,ERA5_REANALYSIS_0.25DEG,VERIFIED,1.0,23.4,1010.6,-1.0,1.0,-0.2,0.2,-0.3,0.3,0.1,NOMINAL_ACCORD,0,NOMINAL,Within Acceptable Error Tolerance
2019-07-05 00:00,2019-07-12,7,IND-KAR,Karnataka Interior,South,NOAA_GEFS_v12_2019070500,0.0,26.2,1010.1,-1.9,75.5,17.6,1135.0,1.92,ERA5_REANALYSIS_0.25DEG,VERIFIED,3.7,24.2,1011.1,-3.7,3.7,2.0,2.0,-1.0,1.0,0.35,NOMINAL_ACCORD,0,NOMINAL,Within Acceptable Error Tolerance
2019-07-05 00:00,2019-07-13,8,IND-KAR,Karnataka Interior,South,NOAA_GEFS_v12_2019070500,0.0,23.1,1012.2,-2.1,77.0,18.4,1190.0,2.08,ERA5_REANALYSIS_0.25DEG,VERIFIED,4.4,24.8,1011.0,-4.4,4.4,-1.7,1.7,1.2,1.2,0.42,NOMINAL_ACCORD,0,NOMINAL,Within Acceptable Error Tolerance
2019-07-05 00:00,2019-07-14,9,IND-KAR,Karnataka Interior,South,NOAA_GEFS_v12_2019070500,5.3,24.3,1010.3,-2.3,78.5,19.2,1245.0,2.24,ERA5_REANALYSIS_0.25DEG,VERIFIED,4.6,24.5,1010.0,0.7,0.7,-0.2,0.2,0.3,0.3,0.07,NOMINAL_ACCORD,0,NOMINAL,Within Acceptable Error Tolerance
2019-07-05 00:00,2019-07-15,10,IND-KAR,Karnataka Interior,South,NOAA_GEFS_v12_2019070500,3.9,27.2,1008.0,-2.5,80.0,20.0,1300.0,2.4,ERA5_REANALYSIS_0.25DEG,VERIFIED,6.3,24.3,1009.2,-2.4,2.4,2.9,2.9,-1.2,1.2,0.23,NOMINAL_ACCORD,0,NOMINAL,Within Acceptable Error Tolerance
2019-07-05 00:00,2019-07-06,1,IND-KER,Kerala Coast & High Ranges,South Coast,NOAA_GEFS_v12_2019070500,25.2,25.6,1009.7,-0.7,66.5,12.8,805.0,0.96,ERA5_REANALYSIS_0.25DEG,VERIFIED,21.4,25.2,1008.7,3.8,3.8,0.4,0.4,1.0,1.0,0.17,HIT,0,NOMINAL,Within Acceptable Error Tolerance
2019-07-05 00:00,2019-07-07,2,IND-KER,Kerala Coast & High Ranges,South Coast,NOAA_GEFS_v12_2019070500,4.5,26.4,1008.1,-0.9,68.0,13.6,860.0,1.12,ERA5_REANALYSIS_0.25DEG,VERIFIED,11.6,26.1,1009.6,-7.1,7.1,0.3,0.3,-1.5,1.5,0.32,NOMINAL_ACCORD,0,NOMINAL,Within Acceptable Error Tolerance
2019-07-05 00:00,2019-07-08,3,IND-KER,Kerala Coast & High Ranges,South Coast,NOAA_GEFS_v12_2019070500,9.6,27.6,1009.8,-1.1,69.5,14.4,915.0,1.28,ERA5_REANALYSIS_0.25DEG,VERIFIED,7.7,26.5,1010.0,1.9,1.9,1.1,1.1,-0.2,0.2,0.09,NOMINAL_ACCORD,0,NOMINAL,Within Acceptable Error Tolerance
2019-07-05 00:00,2019-07-09,4,IND-KER,Kerala Coast & High Ranges,South Coast,NOAA_GEFS_v12_2019070500,21.2,24.7,1007.5,-1.3,71.0,15.2,970.0,1.44,ERA5_REANALYSIS_0.25DEG,VERIFIED,24.7,25.0,1009.9,-3.5,3.5,-0.3,0.3,-2.4,2.4,0.16,HIT,0,NOMINAL,Within Acceptable Error Tolerance
2019-07-05 00:00,2019-07-10,5,IND-KER,Kerala Coast & High Ranges,South Coast,NOAA_GEFS_v12_2019070500,21.8,25.3,1010.3,-1.5,72.5,16.0,1025.0,1.6,ERA5_REANALYSIS_0.25DEG,VERIFIED,18.3,24.9,1010.0,3.5,3.5,0.4,0.4,0.3,0.3,0.16,HIT,0,NOMINAL,Within Acceptable Error Tolerance
2019-07-05 00:00,2019-07-11,6,IND-KER,Kerala Coast & High Ranges,South Coast,NOAA_GEFS_v12_2019070500,0.0,26.6,1008.7,-1.7,74.0,16.8,1080.0,1.76,ERA5_REANALYSIS_0.25DEG,VERIFIED,1.6,26.6,1009.9,-1.6,1.6,0.0,0.0,-1.2,1.2,0.07,NOMINAL_ACCORD,0,NOMINAL,Within Acceptable Error Tolerance
2019-07-05 00:00,2019-07-12,7,IND-KER,Kerala Coast & High Ranges,South Coast,NOAA_GEFS_v12_2019070500,0.0,26.8,1010.0,-1.9,75.5,17.6,1135.0,1.92,ERA5_REANALYSIS_0.25DEG,VERIFIED,6.1,26.5,1010.7,-6.1,6.1,0.3,0.3,-0.7,0.7,0.28,NOMINAL_ACCORD,0,NOMINAL,Within Acceptable Error Tolerance
2019-07-05 00:00,2019-07-13,8,IND-KER,Kerala Coast & High Ranges,South Coast,NOAA_GEFS_v12_2019070500,13.6,25.9,1011.0,-2.1,77.0,18.4,1190.0,2.08,ERA5_REANALYSIS_0.25DEG,VERIFIED,9.1,26.3,1010.9,4.5,4.5,-0.4,0.4,0.1,0.1,0.2,NOMINAL_ACCORD,0,NOMINAL,Within Acceptable Error Tolerance
2019-07-05 00:00,2019-07-14,9,IND-KER,Kerala Coast & High Ranges,South Coast,NOAA_GEFS_v12_2019070500,19.9,24.6,1009.5,-2.3,78.5,19.2,1245.0,2.24,ERA5_REANALYSIS_0.25DEG,VERIFIED,29.9,25.2,1010.5,-10.0,10.0,-0.6,0.6,-1.0,1.0,0.45,HIT,0,NOMINAL,Within Acceptable Error Tolerance
2019-07-05 00:00,2019-07-15,10,IND-KER,Kerala Coast & High Ranges,South Coast,NOAA_GEFS_v12_2019070500,26.2,25.9,1008.3,-2.5,80.0,20.0,1300.0,2.4,ERA5_REANALYSIS_0.25DEG,VERIFIED,13.5,25.3,1009.5,12.7,12.7,0.6,0.6,-1.2,1.2,0.58,NOMINAL_ACCORD,0,NOMINAL,Within Acceptable Error Tolerance
2019-07-05 00:00,2019-07-06,1,IND-TN,Tamil Nadu & Puducherry,South,NOAA_GEFS_v12_2019070500,7.1,31.1,1004.0,-0.7,66.5,12.8,805.0,0.96,ERA5_REANALYSIS_0.25DEG,VERIFIED,0.0,31.1,1005.6,7.1,7.1,0.0,0.0,-1.6,1.6,1.09,NOMINAL_ACCORD,0,NOMINAL,Within Acceptable Error Tolerance
2019-07-05 00:00,2019-07-07,2,IND-TN,Tamil Nadu & Puducherry,South,NOAA_GEFS_v12_2019070500,0.0,31.4,1008.5,-0.9,68.0,13.6,860.0,1.12,ERA5_REANALYSIS_0.25DEG,VERIFIED,0.0,31.2,1006.7,0.0,0.0,0.2,0.2,1.8,1.8,0.0,NOMINAL_ACCORD,0,NOMINAL,Within Acceptable Error Tolerance
2019-07-05 00:00,2019-07-08,3,IND-TN,Tamil Nadu & Puducherry,South,NOAA_GEFS_v12_2019070500,2.3,30.1,1005.1,-1.1,69.5,14.4,915.0,1.28,ERA5_REANALYSIS_0.25DEG,VERIFIED,0.0,32.0,1006.8,2.3,2.3,-1.9,1.9,-1.7,1.7,0.35,NOMINAL_ACCORD,0,NOMINAL,Within Acceptable Error Tolerance
2019-07-05 00:00,2019-07-09,4,IND-TN,Tamil Nadu & Puducherry,South,NOAA_GEFS_v12_2019070500,0.0,29.8,1007.4,-1.3,71.0,15.2,970.0,1.44,ERA5_REANALYSIS_0.25DEG,VERIFIED,0.1,31.5,1006.9,-0.1,0.1,-1.7,1.7,0.5,0.5,0.02,NOMINAL_ACCORD,0,NOMINAL,Within Acceptable Error Tolerance
2019-07-05 00:00,2019-07-10,5,IND-TN,Tamil Nadu & Puducherry,South,NOAA_GEFS_v12_2019070500,3.5,29.9,1008.1,-1.5,72.5,16.0,1025.0,1.6,ERA5_REANALYSIS_0.25DEG,VERIFIED,0.1,30.4,1007.3,3.4,3.4,-0.5,0.5,0.8,0.8,0.52,NOMINAL_ACCORD,0,NOMINAL,Within Acceptable Error Tolerance
2019-07-05 00:00,2019-07-11,6,IND-TN,Tamil Nadu & Puducherry,South,NOAA_GEFS_v12_2019070500,11.5,29.5,1008.2,-1.7,74.0,16.8,1080.0,1.76,ERA5_REANALYSIS_0.25DEG,VERIFIED,0.4,31.4,1008.1,11.1,11.1,-1.9,1.9,0.1,0.1,1.71,NOMINAL_ACCORD,0,NOMINAL,Within Acceptable Error Tolerance
2019-07-05 00:00,2019-07-12,7,IND-TN,Tamil Nadu & Puducherry,South,NOAA_GEFS_v12_2019070500,12.8,31.0,1008.3,-1.9,75.5,17.6,1135.0,1.92,ERA5_REANALYSIS_0.25DEG,VERIFIED,9.8,32.3,1008.4,3.0,3.0,-1.3,1.3,-0.1,0.1,0.46,NOMINAL_ACCORD,0,NOMINAL,Within Acceptable Error Tolerance
2019-07-05 00:00,2019-07-13,8,IND-TN,Tamil Nadu & Puducherry,South,NOAA_GEFS_v12_2019070500,0.0,28.8,1007.9,-2.1,77.0,18.4,1190.0,2.08,ERA5_REANALYSIS_0.25DEG,VERIFIED,0.4,31.8,1008.5,-0.4,0.4,-3.0,3.0,-0.6,0.6,0.06,NOMINAL_ACCORD,0,NOMINAL,Within Acceptable Error Tolerance
2019-07-05 00:00,2019-07-14,9,IND-TN,Tamil Nadu & Puducherry,South,NOAA_GEFS_v12_2019070500,18.3,29.4,1008.4,-2.3,78.5,19.2,1245.0,2.24,ERA5_REANALYSIS_0.25DEG,VERIFIED,2.3,30.5,1007.9,16.0,16.0,-1.1,1.1,0.5,0.5,2.46,NOMINAL_ACCORD,0,NOMINAL,Within Acceptable Error Tolerance
2019-07-05 00:00,2019-07-15,10,IND-TN,Tamil Nadu & Puducherry,South,NOAA_GEFS_v12_2019070500,0.0,35.7,1004.3,-2.5,80.0,20.0,1300.0,2.4,ERA5_REANALYSIS_0.25DEG,VERIFIED,0.2,31.5,1006.2,-0.2,0.2,4.2,4.2,-1.9,1.9,0.03,NOMINAL_ACCORD,0,NOMINAL,Within Acceptable Error Tolerance
2019-07-10 00:00,2019-07-11,1,IND-NW-HIM,Western Himalayas,North,NOAA_GEFS_v12_2019071000,6.4,-2.7,1014.2,-0.7,66.5,12.8,805.0,0.96,ERA5_REANALYSIS_0.25DEG,VERIFIED,0.3,-2.8,1013.5,6.1,6.1,0.1,0.1,0.7,0.7,0.49,NOMINAL_ACCORD,0,NOMINAL,Within Acceptable Error Tolerance
2019-07-10 00:00,2019-07-12,2,IND-NW-HIM,Western Himalayas,North,NOAA_GEFS_v12_2019071000,0.0,-3.4,1015.2,-0.9,68.0,13.6,860.0,1.12,ERA5_REANALYSIS_0.25DEG,VERIFIED,2.2,-3.3,1015.2,-2.2,2.2,-0.1,0.1,0.0,0.0,0.18,NOMINAL_ACCORD,0,NOMINAL,Within Acceptable Error Tolerance
2019-07-10 00:00,2019-07-13,3,IND-NW-HIM,Western Himalayas,North,NOAA_GEFS_v12_2019071000,0.0,-4.0,1015.1,-1.1,69.5,14.4,915.0,1.28,ERA5_REANALYSIS_0.25DEG,VERIFIED,0.0,-3.9,1014.7,0.0,0.0,-0.1,0.1,0.4,0.4,0.0,NOMINAL_ACCORD,0,NOMINAL,Within Acceptable Error Tolerance
2019-07-10 00:00,2019-07-14,4,IND-NW-HIM,Western Himalayas,North,NOAA_GEFS_v12_2019071000,5.2,-3.7,1013.6,-1.3,71.0,15.2,970.0,1.44,ERA5_REANALYSIS_0.25DEG,VERIFIED,0.5,-3.8,1012.1,4.7,4.7,0.1,0.1,1.5,1.5,0.38,NOMINAL_ACCORD,0,NOMINAL,Within Acceptable Error Tolerance
2019-07-10 00:00,2019-07-15,5,IND-NW-HIM,Western Himalayas,North,NOAA_GEFS_v12_2019071000,2.1,-4.0,1011.8,-1.5,72.5,16.0,1025.0,1.6,ERA5_REANALYSIS_0.25DEG,VERIFIED,1.2,-3.9,1011.7,0.9,0.9,-0.1,0.1,0.1,0.1,0.07,NOMINAL_ACCORD,0,NOMINAL,Within Acceptable Error Tolerance
2019-07-10 00:00,2019-07-16,6,IND-NW-HIM,Western Himalayas,North,NOAA_GEFS_v12_2019071000,9.1,-2.5,1013.5,-1.7,74.0,16.8,1080.0,1.76,ERA5_REANALYSIS_0.25DEG,VERIFIED,2.6,-3.1,1013.9,6.5,6.5,0.6,0.6,-0.4,0.4,0.52,NOMINAL_ACCORD,0,NOMINAL,Within Acceptable Error Tolerance
2019-07-10 00:00,2019-07-17,7,IND-NW-HIM,Western Himalayas,North,NOAA_GEFS_v12_2019071000,1.8,-3.5,1013.2,-1.9,75.5,17.6,1135.0,1.92,ERA5_REANALYSIS_0.25DEG,VERIFIED,0.0,-1.1,1014.0,1.8,1.8,-2.4,2.4,-0.8,0.8,0.14,NOMINAL_ACCORD,0,NOMINAL,Within Acceptable Error Tolerance
2019-07-10 00:00,2019-07-18,8,IND-NW-HIM,Western Himalayas,North,NOAA_GEFS_v12_2019071000,0.0,-2.4,1016.0,-2.1,77.0,18.4,1190.0,2.08,ERA5_REANALYSIS_0.25DEG,VERIFIED,4.9,-2.4,1016.0,-4.9,4.9,0.0,0.0,0.0,0.0,0.39,NOMINAL_ACCORD,0,NOMINAL,Within Acceptable Error Tolerance
2019-07-10 00:00,2019-07-19,9,IND-NW-HIM,Western Himalayas,North,NOAA_GEFS_v12_2019071000,0.5,-3.6,1019.8,-2.3,78.5,19.2,1245.0,2.24,ERA5_REANALYSIS_0.25DEG,VERIFIED,5.1,-4.1,1018.8,-4.6,4.6,0.5,0.5,1.0,1.0,0.37,NOMINAL_ACCORD,0,NOMINAL,Within Acceptable Error Tolerance
2019-07-10 00:00,2019-07-20,10,IND-NW-HIM,Western Himalayas,North,NOAA_GEFS_v12_2019071000,20.7,-2.0,1018.3,-2.5,80.0,20.0,1300.0,2.4,ERA5_REANALYSIS_0.25DEG,VERIFIED,4.9,-1.9,1018.7,15.8,15.8,-0.1,0.1,-0.4,0.4,1.26,NOMINAL_ACCORD,0,NOMINAL,Within Acceptable Error Tolerance
2019-07-10 00:00,2019-07-11,1,IND-NW-PLN,Indo-Gangetic NW Plains,North,NOAA_GEFS_v12_2019071000,2.0,31.8,995.6,-0.7,66.5,12.8,805.0,0.96,ERA5_REANALYSIS_0.25DEG,VERIFIED,3.0,31.7,994.8,-1.0,1.0,0.1,0.1,0.8,0.8,0.09,NOMINAL_ACCORD,0,NOMINAL,Within Acceptable Error Tolerance
2019-07-10 00:00,2019-07-12,2,IND-NW-PLN,Indo-Gangetic NW Plains,North,NOAA_GEFS_v12_2019071000,5.5,30.4,998.3,-0.9,68.0,13.6,860.0,1.12,ERA5_REANALYSIS_0.25DEG,VERIFIED,3.6,31.4,997.4,1.9,1.9,-1.0,1.0,0.9,0.9,0.17,NOMINAL_ACCORD,0,NOMINAL,Within Acceptable Error Tolerance
2019-07-10 00:00,2019-07-13,3,IND-NW-PLN,Indo-Gangetic NW Plains,North,NOAA_GEFS_v12_2019071000,0.0,30.9,998.3,-1.1,69.5,14.4,915.0,1.28,ERA5_REANALYSIS_0.25DEG,VERIFIED,0.5,31.0,997.3,-0.5,0.5,-0.1,0.1,1.0,1.0,0.05,NOMINAL_ACCORD,0,NOMINAL,Within Acceptable Error Tolerance
2019-07-10 00:00,2019-07-14,4,IND-NW-PLN,Indo-Gangetic NW Plains,North,NOAA_GEFS_v12_2019071000,14.1,29.9,996.9,-1.3,71.0,15.2,970.0,1.44,ERA5_REANALYSIS_0.25DEG,VERIFIED,6.4,29.2,996.6,7.7,7.7,0.7,0.7,0.3,0.3,0.7,NOMINAL_ACCORD,0,NOMINAL,Within Acceptable Error Tolerance
2019-07-10 00:00,2019-07-15,5,IND-NW-PLN,Indo-Gangetic NW Plains,North,NOAA_GEFS_v12_2019071000,16.9,27.3,996.5,-1.5,72.5,16.0,1025.0,1.6,ERA5_REANALYSIS_0.25DEG,VERIFIED,14.3,27.6,997.0,2.6,2.6,-0.3,0.3,-0.5,0.5,0.24,NOMINAL_ACCORD,0,NOMINAL,Within Acceptable Error Tolerance
2019-07-10 00:00,2019-07-16,6,IND-NW-PLN,Indo-Gangetic NW Plains,North,NOAA_GEFS_v12_2019071000,17.2,23.6,999.4,-1.7,74.0,16.8,1080.0,1.76,ERA5_REANALYSIS_0.25DEG,VERIFIED,17.6,25.3,1000.8,-0.4,0.4,-1.7,1.7,-1.4,1.4,0.04,HIT,0,NOMINAL,Within Acceptable Error Tolerance
2019-07-10 00:00,2019-07-17,7,IND-NW-PLN,Indo-Gangetic NW Plains,North,NOAA_GEFS_v12_2019071000,7.3,25.6,1000.9,-1.9,75.5,17.6,1135.0,1.92,ERA5_REANALYSIS_0.25DEG,VERIFIED,18.6,25.7,1001.1,-11.3,11.3,-0.1,0.1,-0.2,0.2,1.03,NOMINAL_ACCORD,0,NOMINAL,Within Acceptable Error Tolerance
2019-07-10 00:00,2019-07-18,8,IND-NW-PLN,Indo-Gangetic NW Plains,North,NOAA_GEFS_v12_2019071000,74.5,25.4,997.1,-2.5,77.0,18.4,1600.0,3.7,ERA5_REANALYSIS_0.25DEG,VERIFIED,4.5,27.9,1000.6,70.0,70.0,-2.5,2.5,-3.5,3.5,6.36,FALSE_ALARM_HEAVY,1,CONFIRMED_BUST,Catastrophic False Alarm (Fcst >= 64.5mm with Obs < 10mm); Extreme Rain Error (70.0 mm >= 35.0 mm); Climatological Anomaly Exceeded (Z=6.36 >= 2.5)
2019-07-10 00:00,2019-07-19,9,IND-NW-PLN,Indo-Gangetic NW Plains,North,NOAA_GEFS_v12_2019071000,20.2,31.1,1000.0,-2.3,78.5,19.2,1245.0,2.24,ERA5_REANALYSIS_0.25DEG,VERIFIED,18.2,28.8,1001.4,2.0,2.0,2.3,2.3,-1.4,1.4,0.18,HIT,0,NOMINAL,Within Acceptable Error Tolerance
2019-07-10 00:00,2019-07-20,10,IND-NW-PLN,Indo-Gangetic NW Plains,North,NOAA_GEFS_v12_2019071000,8.0,29.4,1002.6,-2.5,80.0,20.0,1300.0,2.4,ERA5_REANALYSIS_0.25DEG,VERIFIED,11.1,28.7,1001.8,-3.1,3.1,0.7,0.7,0.8,0.8,0.28,NOMINAL_ACCORD,0,NOMINAL,Within Acceptable Error Tolerance
2019-07-10 00:00,2019-07-11,1,IND-RAJ,Rajasthan (Arid & Semi-Arid),West,NOAA_GEFS_v12_2019071000,0.0,32.7,997.7,-0.7,66.5,12.8,805.0,0.96,ERA5_REANALYSIS_0.25DEG,VERIFIED,0.0,32.8,997.1,0.0,0.0,-0.1,0.1,0.6,0.6,0.0,NOMINAL_ACCORD,0,NOMINAL,Within Acceptable Error Tolerance
2019-07-10 00:00,2019-07-12,2,IND-RAJ,Rajasthan (Arid & Semi-Arid),West,NOAA_GEFS_v12_2019071000,3.8,32.9,997.8,-0.9,68.0,13.6,860.0,1.12,ERA5_REANALYSIS_0.25DEG,VERIFIED,0.2,32.7,999.6,3.6,3.6,0.2,0.2,-1.8,1.8,0.48,NOMINAL_ACCORD,0,NOMINAL,Within Acceptable Error Tolerance
2019-07-10 00:00,2019-07-13,3,IND-RAJ,Rajasthan (Arid & Semi-Arid),West,NOAA_GEFS_v12_2019071000,0.0,33.3,999.4,-1.1,69.5,14.4,915.0,1.28,ERA5_REANALYSIS_0.25DEG,VERIFIED,0.0,32.3,999.7,0.0,0.0,1.0,1.0,-0.3,0.3,0.0,NOMINAL_ACCORD,0,NOMINAL,Within Acceptable Error Tolerance
2019-07-10 00:00,2019-07-14,4,IND-RAJ,Rajasthan (Arid & Semi-Arid),West,NOAA_GEFS_v12_2019071000,0.0,32.0,997.1,-1.3,71.0,15.2,970.0,1.44,ERA5_REANALYSIS_0.25DEG,VERIFIED,0.2,31.8,997.8,-0.2,0.2,0.2,0.2,-0.7,0.7,0.03,NOMINAL_ACCORD,0,NOMINAL,Within Acceptable Error Tolerance
2019-07-10 00:00,2019-07-15,5,IND-RAJ,Rajasthan (Arid & Semi-Arid),West,NOAA_GEFS_v12_2019071000,59.5,29.5,993.7,-2.5,72.5,16.0,1600.0,3.1,ERA5_REANALYSIS_0.25DEG,VERIFIED,0.0,32.0,997.2,59.5,59.5,-2.5,2.5,-3.5,3.5,7.93,NOMINAL_ACCORD,1,CONFIRMED_BUST,Extreme Rain Error (59.5 mm >= 35.0 mm); Climatological Anomaly Exceeded (Z=7.93 >= 2.5)
2019-07-10 00:00,2019-07-16,6,IND-RAJ,Rajasthan (Arid & Semi-Arid),West,NOAA_GEFS_v12_2019071000,63.0,29.5,996.5,-2.5,74.0,16.8,1600.0,3.3,ERA5_REANALYSIS_0.25DEG,VERIFIED,0.0,32.0,1000.0,63.0,63.0,-2.5,2.5,-3.5,3.5,8.4,NOMINAL_ACCORD,1,CONFIRMED_BUST,Extreme Rain Error (63.0 mm >= 35.0 mm); Climatological Anomaly Exceeded (Z=8.4 >= 2.5)
2019-07-10 00:00,2019-07-17,7,IND-RAJ,Rajasthan (Arid & Semi-Arid),West,NOAA_GEFS_v12_2019071000,66.5,29.0,997.6,-2.5,75.5,17.6,1600.0,3.5,ERA5_REANALYSIS_0.25DEG,VERIFIED,0.0,31.5,1001.1,66.5,66.5,-2.5,2.5,-3.5,3.5,8.87,FALSE_ALARM_HEAVY,1,CONFIRMED_BUST,Catastrophic False Alarm (Fcst >= 64.5mm with Obs < 10mm); Extreme Rain Error (66.5 mm >= 35.0 mm); Climatological Anomaly Exceeded (Z=8.87 >= 2.5)
2019-07-10 00:00,2019-07-18,8,IND-RAJ,Rajasthan (Arid & Semi-Arid),West,NOAA_GEFS_v12_2019071000,70.0,30.2,996.9,-2.5,77.0,18.4,1600.0,3.7,ERA5_REANALYSIS_0.25DEG,VERIFIED,0.0,32.7,1000.4,70.0,70.0,-2.5,2.5,-3.5,3.5,9.33,FALSE_ALARM_HEAVY,1,CONFIRMED_BUST,Catastrophic False Alarm (Fcst >= 64.5mm with Obs < 10mm); Extreme Rain Error (70.0 mm >= 35.0 mm); Climatological Anomaly Exceeded (Z=9.33 >= 2.5)
2019-07-10 00:00,2019-07-19,9,IND-RAJ,Rajasthan (Arid & Semi-Arid),West,NOAA_GEFS_v12_2019071000,73.5,30.9,997.3,-2.5,78.5,19.2,1600.0,3.9,ERA5_REANALYSIS_0.25DEG,VERIFIED,0.0,33.4,1000.8,73.5,73.5,-2.5,2.5,-3.5,3.5,9.8,FALSE_ALARM_HEAVY,1,CONFIRMED_BUST,Catastrophic False Alarm (Fcst >= 64.5mm with Obs < 10mm); Extreme Rain Error (73.5 mm >= 35.0 mm); Climatological Anomaly Exceeded (Z=9.8 >= 2.5)
2019-07-10 00:00,2019-07-20,10,IND-RAJ,Rajasthan (Arid & Semi-Arid),West,NOAA_GEFS_v12_2019071000,77.5,31.3,997.4,-2.5,80.0,20.0,1600.0,4.1,ERA5_REANALYSIS_0.25DEG,VERIFIED,0.5,33.8,1000.9,77.0,77.0,-2.5,2.5,-3.5,3.5,10.27,FALSE_ALARM_HEAVY,1,CONFIRMED_BUST,Catastrophic False Alarm (Fcst >= 64.5mm with Obs < 10mm); Extreme Rain Error (77.0 mm >= 35.0 mm); Climatological Anomaly Exceeded (Z=10.27 >= 2.5)
2019-07-10 00:00,2019-07-11,1,IND-GUJ,Gujarat & Saurashtra,West,NOAA_GEFS_v12_2019071000,0.0,31.8,1001.5,-0.7,66.5,12.8,805.0,0.96,ERA5_REANALYSIS_0.25DEG,VERIFIED,0.0,31.5,1001.2,0.0,0.0,0.3,0.3,0.3,0.3,0.0,NOMINAL_ACCORD,0,NOMINAL,Within Acceptable Error Tolerance
2019-07-10 00:00,2019-07-12,2,IND-GUJ,Gujarat & Saurashtra,West,NOAA_GEFS_v12_2019071000,0.0,30.9,1003.3,-0.9,68.0,13.6,860.0,1.12,ERA5_REANALYSIS_0.25DEG,VERIFIED,0.0,31.0,1003.1,0.0,0.0,-0.1,0.1,0.2,0.2,0.0,NOMINAL_ACCORD,0,NOMINAL,Within Acceptable Error Tolerance
2019-07-10 00:00,2019-07-13,3,IND-GUJ,Gujarat & Saurashtra,West,NOAA_GEFS_v12_2019071000,0.0,30.5,1003.4,-1.1,69.5,14.4,915.0,1.28,ERA5_REANALYSIS_0.25DEG,VERIFIED,0.0,30.5,1003.9,0.0,0.0,0.0,0.0,-0.5,0.5,0.0,NOMINAL_ACCORD,0,NOMINAL,Within Acceptable Error Tolerance
2019-07-10 00:00,2019-07-14,4,IND-GUJ,Gujarat & Saurashtra,West,NOAA_GEFS_v12_2019071000,0.0,29.1,1001.8,-1.3,71.0,15.2,970.0,1.44,ERA5_REANALYSIS_0.25DEG,VERIFIED,0.1,30.6,1002.5,-0.1,0.1,-1.5,1.5,-0.7,0.7,0.01,NOMINAL_ACCORD,0,NOMINAL,Within Acceptable Error Tolerance
2019-07-10 00:00,2019-07-15,5,IND-GUJ,Gujarat & Saurashtra,West,NOAA_GEFS_v12_2019071000,0.0,29.8,1001.4,-1.5,72.5,16.0,1025.0,1.6,ERA5_REANALYSIS_0.25DEG,VERIFIED,0.4,30.4,1001.7,-0.4,0.4,-0.6,0.6,-0.3,0.3,0.03,NOMINAL_ACCORD,0,NOMINAL,Within Acceptable Error Tolerance
2019-07-10 00:00,2019-07-16,6,IND-GUJ,Gujarat & Saurashtra,West,NOAA_GEFS_v12_2019071000,0.0,29.3,1004.0,-1.7,74.0,16.8,1080.0,1.76,ERA5_REANALYSIS_0.25DEG,VERIFIED,0.4,30.7,1003.1,-0.4,0.4,-1.4,1.4,0.9,0.9,0.03,NOMINAL_ACCORD,0,NOMINAL,Within Acceptable Error Tolerance
2019-07-10 00:00,2019-07-17,7,IND-GUJ,Gujarat & Saurashtra,West,NOAA_GEFS_v12_2019071000,0.0,31.0,1003.8,-1.9,75.5,17.6,1135.0,1.92,ERA5_REANALYSIS_0.25DEG,VERIFIED,0.0,30.6,1003.3,0.0,0.0,0.4,0.4,0.5,0.5,0.0,NOMINAL_ACCORD,0,NOMINAL,Within Acceptable Error Tolerance
2019-07-10 00:00,2019-07-18,8,IND-GUJ,Gujarat & Saurashtra,West,NOAA_GEFS_v12_2019071000,0.6,30.5,1001.9,-2.1,77.0,18.4,1190.0,2.08,ERA5_REANALYSIS_0.25DEG,VERIFIED,0.3,31.0,1002.2,0.3,0.3,-0.5,0.5,-0.3,0.3,0.02,NOMINAL_ACCORD,0,NOMINAL,Within Acceptable Error Tolerance
2019-07-10 00:00,2019-07-19,9,IND-GUJ,Gujarat & Saurashtra,West,NOAA_GEFS_v12_2019071000,7.1,31.0,1000.3,-2.3,78.5,19.2,1245.0,2.24,ERA5_REANALYSIS_0.25DEG,VERIFIED,0.0,31.7,1001.6,7.1,7.1,-0.7,0.7,-1.3,1.3,0.51,NOMINAL_ACCORD,0,NOMINAL,Within Acceptable Error Tolerance
2019-07-10 00:00,2019-07-20,10,IND-GUJ,Gujarat & Saurashtra,West,NOAA_GEFS_v12_2019071000,6.2,31.9,1002.1,-2.5,80.0,20.0,1300.0,2.4,ERA5_REANALYSIS_0.25DEG,VERIFIED,1.6,31.0,1001.4,4.6,4.6,0.9,0.9,0.7,0.7,0.33,NOMINAL_ACCORD,0,NOMINAL,Within Acceptable Error Tolerance
2019-07-10 00:00,2019-07-11,1,IND-UP-BIH,Middle Gangetic Plains,East,NOAA_GEFS_v12_2019071000,81.8,26.9,994.4,-0.7,66.5,12.8,805.0,0.96,ERA5_REANALYSIS_0.25DEG,VERIFIED,82.1,26.8,996.4,-0.3,0.3,0.1,0.1,-2.0,2.0,0.02,HIT,0,NOMINAL,Within Acceptable Error Tolerance
2019-07-10 00:00,2019-07-12,2,IND-UP-BIH,Middle Gangetic Plains,East,NOAA_GEFS_v12_2019071000,13.3,28.6,999.5,-0.9,68.0,13.6,860.0,1.12,ERA5_REANALYSIS_0.25DEG,VERIFIED,21.8,28.0,999.3,-8.5,8.5,0.6,0.6,0.2,0.2,0.63,NOMINAL_ACCORD,0,NOMINAL,Within Acceptable Error Tolerance
2019-07-10 00:00,2019-07-13,3,IND-UP-BIH,Middle Gangetic Plains,East,NOAA_GEFS_v12_2019071000,12.1,29.2,999.5,-1.1,69.5,14.4,915.0,1.28,ERA5_REANALYSIS_0.25DEG,VERIFIED,7.1,29.5,998.5,5.0,5.0,-0.3,0.3,1.0,1.0,0.37,NOMINAL_ACCORD,0,NOMINAL,Within Acceptable Error Tolerance
2019-07-10 00:00,2019-07-14,4,IND-UP-BIH,Middle Gangetic Plains,East,NOAA_GEFS_v12_2019071000,8.2,30.1,996.0,-1.3,71.0,15.2,970.0,1.44,ERA5_REANALYSIS_0.25DEG,VERIFIED,1.1,30.5,997.2,7.1,7.1,-0.4,0.4,-1.2,1.2,0.53,NOMINAL_ACCORD,0,NOMINAL,Within Acceptable Error Tolerance
2019-07-10 00:00,2019-07-15,5,IND-UP-BIH,Middle Gangetic Plains,East,NOAA_GEFS_v12_2019071000,6.7,30.4,999.3,-1.5,72.5,16.0,1025.0,1.6,ERA5_REANALYSIS_0.25DEG,VERIFIED,1.8,31.1,997.5,4.9,4.9,-0.7,0.7,1.8,1.8,0.36,NOMINAL_ACCORD,0,NOMINAL,Within Acceptable Error Tolerance
2019-07-10 00:00,2019-07-16,6,IND-UP-BIH,Middle Gangetic Plains,East,NOAA_GEFS_v12_2019071000,4.2,31.3,1001.5,-1.7,74.0,16.8,1080.0,1.76,ERA5_REANALYSIS_0.25DEG,VERIFIED,6.2,29.5,1000.7,-2.0,2.0,1.8,1.8,0.8,0.8,0.15,NOMINAL_ACCORD,0,NOMINAL,Within Acceptable Error Tolerance
2019-07-10 00:00,2019-07-17,7,IND-UP-BIH,Middle Gangetic Plains,East,NOAA_GEFS_v12_2019071000,3.1,29.6,1001.5,-1.9,75.5,17.6,1135.0,1.92,ERA5_REANALYSIS_0.25DEG,VERIFIED,3.9,30.4,1000.4,-0.8,0.8,-0.8,0.8,1.1,1.1,0.06,NOMINAL_ACCORD,0,NOMINAL,Within Acceptable Error Tolerance
2019-07-10 00:00,2019-07-18,8,IND-UP-BIH,Middle Gangetic Plains,East,NOAA_GEFS_v12_2019071000,13.9,31.8,1000.1,-2.1,77.0,18.4,1190.0,2.08,ERA5_REANALYSIS_0.25DEG,VERIFIED,7.0,31.0,999.9,6.9,6.9,0.8,0.8,0.2,0.2,0.51,NOMINAL_ACCORD,0,NOMINAL,Within Acceptable Error Tolerance
2019-07-10 00:00,2019-07-19,9,IND-UP-BIH,Middle Gangetic Plains,East,NOAA_GEFS_v12_2019071000,11.5,29.9,1004.1,-2.3,78.5,19.2,1245.0,2.24,ERA5_REANALYSIS_0.25DEG,VERIFIED,2.6,30.7,1000.8,8.9,8.9,-0.8,0.8,3.3,3.3,0.66,NOMINAL_ACCORD,0,NOMINAL,Within Acceptable Error Tolerance
2019-07-10 00:00,2019-07-20,10,IND-UP-BIH,Middle Gangetic Plains,East,NOAA_GEFS_v12_2019071000,4.1,30.5,1001.3,-2.5,80.0,20.0,1300.0,2.4,ERA5_REANALYSIS_0.25DEG,VERIFIED,0.7,31.4,1001.1,3.4,3.4,-0.9,0.9,0.2,0.2,0.25,NOMINAL_ACCORD,0,NOMINAL,Within Acceptable Error Tolerance
2019-07-10 00:00,2019-07-11,1,IND-NE,Northeast India,Northeast,NOAA_GEFS_v12_2019071000,32.6,25.3,1001.9,-0.7,66.5,12.8,805.0,0.96,ERA5_REANALYSIS_0.25DEG,VERIFIED,31.3,25.2,1001.9,1.3,1.3,0.1,0.1,0.0,0.0,0.05,HIT,0,NOMINAL,Within Acceptable Error Tolerance
2019-07-10 00:00,2019-07-12,2,IND-NE,Northeast India,Northeast,NOAA_GEFS_v12_2019071000,13.4,25.7,1003.1,-0.9,68.0,13.6,860.0,1.12,ERA5_REANALYSIS_0.25DEG,VERIFIED,16.7,25.8,1002.6,-3.3,3.3,-0.1,0.1,0.5,0.5,0.14,NOMINAL_ACCORD,0,NOMINAL,Within Acceptable Error Tolerance
2019-07-10 00:00,2019-07-13,3,IND-NE,Northeast India,Northeast,NOAA_GEFS_v12_2019071000,17.6,25.1,1002.0,-1.1,69.5,14.4,915.0,1.28,ERA5_REANALYSIS_0.25DEG,VERIFIED,25.7,25.8,1001.6,-8.1,8.1,-0.7,0.7,0.4,0.4,0.34,HIT,0,NOMINAL,Within Acceptable Error Tolerance
2019-07-10 00:00,2019-07-14,4,IND-NE,Northeast India,Northeast,NOAA_GEFS_v12_2019071000,10.5,25.6,999.2,-1.3,71.0,15.2,970.0,1.44,ERA5_REANALYSIS_0.25DEG,VERIFIED,11.6,25.4,999.6,-1.1,1.1,0.2,0.2,-0.4,0.4,0.05,NOMINAL_ACCORD,0,NOMINAL,Within Acceptable Error Tolerance
2019-07-10 00:00,2019-07-15,5,IND-NE,Northeast India,Northeast,NOAA_GEFS_v12_2019071000,8.8,27.6,1004.8,-3.8,72.5,16.0,2800.0,2.64,ERA5_REANALYSIS_0.25DEG,VERIFIED,41.6,24.8,1000.6,-32.8,32.8,2.8,2.8,4.2,4.2,1.37,NOMINAL_ACCORD,0,NOMINAL,Within Acceptable Error Tolerance
2019-07-10 00:00,2019-07-16,6,IND-NE,Northeast India,Northeast,NOAA_GEFS_v12_2019071000,14.9,25.2,1003.5,-1.7,74.0,16.8,1080.0,1.76,ERA5_REANALYSIS_0.25DEG,VERIFIED,4.5,27.0,1002.3,10.4,10.4,-1.8,1.8,1.2,1.2,0.43,NOMINAL_ACCORD,0,NOMINAL,Within Acceptable Error Tolerance
2019-07-10 00:00,2019-07-17,7,IND-NE,Northeast India,Northeast,NOAA_GEFS_v12_2019071000,0.0,28.4,1002.8,-1.9,75.5,17.6,1135.0,1.92,ERA5_REANALYSIS_0.25DEG,VERIFIED,1.1,27.6,1002.1,-1.1,1.1,0.8,0.8,0.7,0.7,0.05,NOMINAL_ACCORD,0,NOMINAL,Within Acceptable Error Tolerance
2019-07-10 00:00,2019-07-18,8,IND-NE,Northeast India,Northeast,NOAA_GEFS_v12_2019071000,4.9,28.8,1001.1,-2.1,77.0,18.4,1190.0,2.08,ERA5_REANALYSIS_0.25DEG,VERIFIED,4.8,28.8,1001.7,0.1,0.1,0.0,0.0,-0.6,0.6,0.0,NOMINAL_ACCORD,0,NOMINAL,Within Acceptable Error Tolerance
2019-07-10 00:00,2019-07-19,9,IND-NE,Northeast India,Northeast,NOAA_GEFS_v12_2019071000,1.8,26.0,1004.6,-2.3,78.5,19.2,1245.0,2.24,ERA5_REANALYSIS_0.25DEG,VERIFIED,4.5,28.0,1003.1,-2.7,2.7,-2.0,2.0,1.5,1.5,0.11,NOMINAL_ACCORD,0,NOMINAL,Within Acceptable Error Tolerance
2019-07-10 00:00,2019-07-20,10,IND-NE,Northeast India,Northeast,NOAA_GEFS_v12_2019071000,0.0,24.3,1004.6,-2.5,80.0,20.0,1300.0,2.4,ERA5_REANALYSIS_0.25DEG,VERIFIED,4.2,27.9,1003.6,-4.2,4.2,-3.6,3.6,1.0,1.0,0.18,NOMINAL_ACCORD,0,NOMINAL,Within Acceptable Error Tolerance
2019-07-10 00:00,2019-07-11,1,IND-WB-ODI,East Coast (Bengal & Odisha),East,NOAA_GEFS_v12_2019071000,3.5,27.2,1003.2,-0.7,66.5,12.8,805.0,0.96,ERA5_REANALYSIS_0.25DEG,VERIFIED,3.8,27.4,1002.9,-0.3,0.3,-0.2,0.2,0.3,0.3,0.02,NOMINAL_ACCORD,0,NOMINAL,Within Acceptable Error Tolerance
2019-07-10 00:00,2019-07-12,2,IND-WB-ODI,East Coast (Bengal & Odisha),East,NOAA_GEFS_v12_2019071000,7.6,27.4,1005.9,-0.9,68.0,13.6,860.0,1.12,ERA5_REANALYSIS_0.25DEG,VERIFIED,7.9,27.0,1004.6,-0.3,0.3,0.4,0.4,1.3,1.3,0.02,NOMINAL_ACCORD,0,NOMINAL,Within Acceptable Error Tolerance
2019-07-10 00:00,2019-07-13,3,IND-WB-ODI,East Coast (Bengal & Odisha),East,NOAA_GEFS_v12_2019071000,2.8,28.1,1002.6,-1.1,69.5,14.4,915.0,1.28,ERA5_REANALYSIS_0.25DEG,VERIFIED,1.8,27.8,1003.8,1.0,1.0,0.3,0.3,-1.2,1.2,0.05,NOMINAL_ACCORD,0,NOMINAL,Within Acceptable Error Tolerance
2019-07-10 00:00,2019-07-14,4,IND-WB-ODI,East Coast (Bengal & Odisha),East,NOAA_GEFS_v12_2019071000,3.3,28.7,1003.1,-1.3,71.0,15.2,970.0,1.44,ERA5_REANALYSIS_0.25DEG,VERIFIED,0.9,28.8,1001.7,2.4,2.4,-0.1,0.1,1.4,1.4,0.13,NOMINAL_ACCORD,0,NOMINAL,Within Acceptable Error Tolerance
2019-07-10 00:00,2019-07-15,5,IND-WB-ODI,East Coast (Bengal & Odisha),East,NOAA_GEFS_v12_2019071000,4.7,27.1,1003.7,-1.5,72.5,16.0,1025.0,1.6,ERA5_REANALYSIS_0.25DEG,VERIFIED,7.6,28.8,1001.3,-2.9,2.9,-1.7,1.7,2.4,2.4,0.16,NOMINAL_ACCORD,0,NOMINAL,Within Acceptable Error Tolerance
2019-07-10 00:00,2019-07-16,6,IND-WB-ODI,East Coast (Bengal & Odisha),East,NOAA_GEFS_v12_2019071000,3.6,27.4,1004.0,-1.7,74.0,16.8,1080.0,1.76,ERA5_REANALYSIS_0.25DEG,VERIFIED,8.0,27.9,1002.3,-4.4,4.4,-0.5,0.5,1.7,1.7,0.24,NOMINAL_ACCORD,0,NOMINAL,Within Acceptable Error Tolerance
2019-07-10 00:00,2019-07-17,7,IND-WB-ODI,East Coast (Bengal & Odisha),East,NOAA_GEFS_v12_2019071000,9.6,30.2,1001.4,-1.9,75.5,17.6,1135.0,1.92,ERA5_REANALYSIS_0.25DEG,VERIFIED,5.3,28.4,1001.7,4.3,4.3,1.8,1.8,-0.3,0.3,0.23,NOMINAL_ACCORD,0,NOMINAL,Within Acceptable Error Tolerance
2019-07-10 00:00,2019-07-18,8,IND-WB-ODI,East Coast (Bengal & Odisha),East,NOAA_GEFS_v12_2019071000,4.3,28.6,1001.5,-2.1,77.0,18.4,1190.0,2.08,ERA5_REANALYSIS_0.25DEG,VERIFIED,7.2,28.0,1001.4,-2.9,2.9,0.6,0.6,0.1,0.1,0.16,NOMINAL_ACCORD,0,NOMINAL,Within Acceptable Error Tolerance
2019-07-10 00:00,2019-07-19,9,IND-WB-ODI,East Coast (Bengal & Odisha),East,NOAA_GEFS_v12_2019071000,5.2,27.1,1001.4,-2.3,78.5,19.2,1245.0,2.24,ERA5_REANALYSIS_0.25DEG,VERIFIED,5.9,27.2,1002.1,-0.7,0.7,-0.1,0.1,-0.7,0.7,0.04,NOMINAL_ACCORD,0,NOMINAL,Within Acceptable Error Tolerance
2019-07-10 00:00,2019-07-20,10,IND-WB-ODI,East Coast (Bengal & Odisha),East,NOAA_GEFS_v12_2019071000,0.0,29.1,1005.1,-2.5,80.0,20.0,1300.0,2.4,ERA5_REANALYSIS_0.25DEG,VERIFIED,3.5,26.9,1003.6,-3.5,3.5,2.2,2.2,1.5,1.5,0.19,NOMINAL_ACCORD,0,NOMINAL,Within Acceptable Error Tolerance
2019-07-10 00:00,2019-07-11,1,IND-CEN-MP,Central India (MP & Chhattisgarh),Central,NOAA_GEFS_v12_2019071000,0.8,27.6,1001.0,-0.7,66.5,12.8,805.0,0.96,ERA5_REANALYSIS_0.25DEG,VERIFIED,0.2,28.1,1001.5,0.6,0.6,-0.5,0.5,-0.5,0.5,0.04,NOMINAL_ACCORD,0,NOMINAL,Within Acceptable Error Tolerance
2019-07-10 00:00,2019-07-12,2,IND-CEN-MP,Central India (MP & Chhattisgarh),Central,NOAA_GEFS_v12_2019071000,0.0,28.2,1004.7,-0.9,68.0,13.6,860.0,1.12,ERA5_REANALYSIS_0.25DEG,VERIFIED,0.0,28.1,1003.8,0.0,0.0,0.1,0.1,0.9,0.9,0.0,NOMINAL_ACCORD,0,NOMINAL,Within Acceptable Error Tolerance
2019-07-10 00:00,2019-07-13,3,IND-CEN-MP,Central India (MP & Chhattisgarh),Central,NOAA_GEFS_v12_2019071000,6.9,28.3,1002.8,-1.1,69.5,14.4,915.0,1.28,ERA5_REANALYSIS_0.25DEG,VERIFIED,0.0,28.7,1003.8,6.9,6.9,-0.4,0.4,-1.0,1.0,0.46,NOMINAL_ACCORD,0,NOMINAL,Within Acceptable Error Tolerance
2019-07-10 00:00,2019-07-14,4,IND-CEN-MP,Central India (MP & Chhattisgarh),Central,NOAA_GEFS_v12_2019071000,0.7,28.4,1002.0,-1.3,71.0,15.2,970.0,1.44,ERA5_REANALYSIS_0.25DEG,VERIFIED,0.2,28.2,1002.3,0.5,0.5,0.2,0.2,-0.3,0.3,0.03,NOMINAL_ACCORD,0,NOMINAL,Within Acceptable Error Tolerance
2019-07-10 00:00,2019-07-15,5,IND-CEN-MP,Central India (MP & Chhattisgarh),Central,NOAA_GEFS_v12_2019071000,0.0,29.6,1001.5,-1.5,72.5,16.0,1025.0,1.6,ERA5_REANALYSIS_0.25DEG,VERIFIED,0.2,28.5,1001.5,-0.2,0.2,1.1,1.1,0.0,0.0,0.01,NOMINAL_ACCORD,0,NOMINAL,Within Acceptable Error Tolerance
2019-07-10 00:00,2019-07-16,6,IND-CEN-MP,Central India (MP & Chhattisgarh),Central,NOAA_GEFS_v12_2019071000,5.3,28.2,1002.8,-1.7,74.0,16.8,1080.0,1.76,ERA5_REANALYSIS_0.25DEG,VERIFIED,1.9,28.5,1003.2,3.4,3.4,-0.3,0.3,-0.4,0.4,0.23,NOMINAL_ACCORD,0,NOMINAL,Within Acceptable Error Tolerance
2019-07-10 00:00,2019-07-17,7,IND-CEN-MP,Central India (MP & Chhattisgarh),Central,NOAA_GEFS_v12_2019071000,0.0,30.6,1004.4,-1.9,75.5,17.6,1135.0,1.92,ERA5_REANALYSIS_0.25DEG,VERIFIED,0.4,29.2,1002.7,-0.4,0.4,1.4,1.4,1.7,1.7,0.03,NOMINAL_ACCORD,0,NOMINAL,Within Acceptable Error Tolerance
2019-07-10 00:00,2019-07-18,8,IND-CEN-MP,Central India (MP & Chhattisgarh),Central,NOAA_GEFS_v12_2019071000,0.0,29.0,1001.6,-2.1,77.0,18.4,1190.0,2.08,ERA5_REANALYSIS_0.25DEG,VERIFIED,6.2,29.1,1001.8,-6.2,6.2,-0.1,0.1,-0.2,0.2,0.41,NOMINAL_ACCORD,0,NOMINAL,Within Acceptable Error Tolerance
2019-07-10 00:00,2019-07-19,9,IND-CEN-MP,Central India (MP & Chhattisgarh),Central,NOAA_GEFS_v12_2019071000,9.3,28.1,1001.4,-2.3,78.5,19.2,1245.0,2.24,ERA5_REANALYSIS_0.25DEG,VERIFIED,10.9,29.1,1001.3,-1.6,1.6,-1.0,1.0,0.1,0.1,0.11,NOMINAL_ACCORD,0,NOMINAL,Within Acceptable Error Tolerance
2019-07-10 00:00,2019-07-20,10,IND-CEN-MP,Central India (MP & Chhattisgarh),Central,NOAA_GEFS_v12_2019071000,0.0,29.8,1000.7,-2.5,80.0,20.0,1300.0,2.4,ERA5_REANALYSIS_0.25DEG,VERIFIED,6.6,28.6,1001.4,-6.6,6.6,1.2,1.2,-0.7,0.7,0.44,NOMINAL_ACCORD,0,NOMINAL,Within Acceptable Error Tolerance
2019-07-10 00:00,2019-07-11,1,IND-MAH-DESH,Maharashtra Interior & Vidarbha,West-Central,NOAA_GEFS_v12_2019071000,0.0,25.0,1005.8,-0.7,66.5,12.8,805.0,0.96,ERA5_REANALYSIS_0.25DEG,VERIFIED,2.0,25.4,1006.1,-2.0,2.0,-0.4,0.4,-0.3,0.3,0.17,NOMINAL_ACCORD,0,NOMINAL,Within Acceptable Error Tolerance
2019-07-10 00:00,2019-07-12,2,IND-MAH-DESH,Maharashtra Interior & Vidarbha,West-Central,NOAA_GEFS_v12_2019071000,0.0,27.1,1006.7,-0.9,68.0,13.6,860.0,1.12,ERA5_REANALYSIS_0.25DEG,VERIFIED,0.2,26.8,1007.3,-0.2,0.2,0.3,0.3,-0.6,0.6,0.02,NOMINAL_ACCORD,0,NOMINAL,Within Acceptable Error Tolerance
2019-07-10 00:00,2019-07-13,3,IND-MAH-DESH,Maharashtra Interior & Vidarbha,West-Central,NOAA_GEFS_v12_2019071000,0.0,28.0,1006.4,-1.1,69.5,14.4,915.0,1.28,ERA5_REANALYSIS_0.25DEG,VERIFIED,0.8,27.6,1007.4,-0.8,0.8,0.4,0.4,-1.0,1.0,0.07,NOMINAL_ACCORD,0,NOMINAL,Within Acceptable Error Tolerance
2019-07-10 00:00,2019-07-14,4,IND-MAH-DESH,Maharashtra Interior & Vidarbha,West-Central,NOAA_GEFS_v12_2019071000,0.0,27.3,1006.8,-1.3,71.0,15.2,970.0,1.44,ERA5_REANALYSIS_0.25DEG,VERIFIED,0.7,27.7,1006.1,-0.7,0.7,-0.4,0.4,0.7,0.7,0.06,NOMINAL_ACCORD,0,NOMINAL,Within Acceptable Error Tolerance
2019-07-10 00:00,2019-07-15,5,IND-MAH-DESH,Maharashtra Interior & Vidarbha,West-Central,NOAA_GEFS_v12_2019071000,3.7,27.7,1004.6,-1.5,72.5,16.0,1025.0,1.6,ERA5_REANALYSIS_0.25DEG,VERIFIED,0.7,27.8,1005.2,3.0,3.0,-0.1,0.1,-0.6,0.6,0.26,NOMINAL_ACCORD,0,NOMINAL,Within Acceptable Error Tolerance
2019-07-10 00:00,2019-07-16,6,IND-MAH-DESH,Maharashtra Interior & Vidarbha,West-Central,NOAA_GEFS_v12_2019071000,0.0,28.0,1006.4,-1.7,74.0,16.8,1080.0,1.76,ERA5_REANALYSIS_0.25DEG,VERIFIED,1.2,27.9,1006.2,-1.2,1.2,0.1,0.1,0.2,0.2,0.1,NOMINAL_ACCORD,0,NOMINAL,Within Acceptable Error Tolerance
2019-07-10 00:00,2019-07-17,7,IND-MAH-DESH,Maharashtra Interior & Vidarbha,West-Central,NOAA_GEFS_v12_2019071000,5.4,29.9,1002.5,-1.9,75.5,17.6,1135.0,1.92,ERA5_REANALYSIS_0.25DEG,VERIFIED,0.8,28.5,1005.4,4.6,4.6,1.4,1.4,-2.9,2.9,0.4,NOMINAL_ACCORD,0,NOMINAL,Within Acceptable Error Tolerance
2019-07-10 00:00,2019-07-18,8,IND-MAH-DESH,Maharashtra Interior & Vidarbha,West-Central,NOAA_GEFS_v12_2019071000,0.0,27.8,1004.1,-2.1,77.0,18.4,1190.0,2.08,ERA5_REANALYSIS_0.25DEG,VERIFIED,0.8,29.4,1003.5,-0.8,0.8,-1.6,1.6,0.6,0.6,0.07,NOMINAL_ACCORD,0,NOMINAL,Within Acceptable Error Tolerance
2019-07-10 00:00,2019-07-19,9,IND-MAH-DESH,Maharashtra Interior & Vidarbha,West-Central,NOAA_GEFS_v12_2019071000,3.1,27.8,1003.9,-2.3,78.5,19.2,1245.0,2.24,ERA5_REANALYSIS_0.25DEG,VERIFIED,5.4,27.6,1002.8,-2.3,2.3,0.2,0.2,1.1,1.1,0.2,NOMINAL_ACCORD,0,NOMINAL,Within Acceptable Error Tolerance
2019-07-10 00:00,2019-07-20,10,IND-MAH-DESH,Maharashtra Interior & Vidarbha,West-Central,NOAA_GEFS_v12_2019071000,24.0,23.6,1002.1,-2.5,80.0,20.0,1300.0,2.4,ERA5_REANALYSIS_0.25DEG,VERIFIED,33.5,26.1,1002.3,-9.5,9.5,-2.5,2.5,-0.2,0.2,0.83,HIT,0,NOMINAL,Within Acceptable Error Tolerance
2019-07-10 00:00,2019-07-11,1,IND-KON-GOA,Konkan & Goa Coastal Strip,West Coast,NOAA_GEFS_v12_2019071000,53.4,23.9,1008.3,-0.7,66.5,12.8,805.0,0.96,ERA5_REANALYSIS_0.25DEG,VERIFIED,53.4,24.3,1008.9,0.0,0.0,-0.4,0.4,-0.6,0.6,0.0,HIT,0,NOMINAL,Within Acceptable Error Tolerance
2019-07-10 00:00,2019-07-12,2,IND-KON-GOA,Konkan & Goa Coastal Strip,West Coast,NOAA_GEFS_v12_2019071000,15.1,25.0,1010.1,-0.9,68.0,13.6,860.0,1.12,ERA5_REANALYSIS_0.25DEG,VERIFIED,11.8,25.2,1009.4,3.3,3.3,-0.2,0.2,0.7,0.7,0.13,NOMINAL_ACCORD,0,NOMINAL,Within Acceptable Error Tolerance
2019-07-10 00:00,2019-07-13,3,IND-KON-GOA,Konkan & Goa Coastal Strip,West Coast,NOAA_GEFS_v12_2019071000,21.5,25.6,1009.0,-1.1,69.5,14.4,915.0,1.28,ERA5_REANALYSIS_0.25DEG,VERIFIED,20.8,25.7,1009.6,0.7,0.7,-0.1,0.1,-0.6,0.6,0.03,HIT,0,NOMINAL,Within Acceptable Error Tolerance
2019-07-10 00:00,2019-07-14,4,IND-KON-GOA,Konkan & Goa Coastal Strip,West Coast,NOAA_GEFS_v12_2019071000,19.3,24.7,1008.7,-1.3,71.0,15.2,970.0,1.44,ERA5_REANALYSIS_0.25DEG,VERIFIED,22.7,25.5,1008.9,-3.4,3.4,-0.8,0.8,-0.2,0.2,0.13,HIT,0,NOMINAL,Within Acceptable Error Tolerance
2019-07-10 00:00,2019-07-15,5,IND-KON-GOA,Konkan & Goa Coastal Strip,West Coast,NOAA_GEFS_v12_2019071000,25.9,26.8,1007.8,-1.5,72.5,16.0,1025.0,1.6,ERA5_REANALYSIS_0.25DEG,VERIFIED,17.1,25.6,1007.9,8.8,8.8,1.2,1.2,-0.1,0.1,0.34,HIT,0,NOMINAL,Within Acceptable Error Tolerance
2019-07-10 00:00,2019-07-16,6,IND-KON-GOA,Konkan & Goa Coastal Strip,West Coast,NOAA_GEFS_v12_2019071000,6.8,26.4,1007.6,-1.7,74.0,16.8,1080.0,1.76,ERA5_REANALYSIS_0.25DEG,VERIFIED,17.6,25.4,1008.4,-10.8,10.8,1.0,1.0,-0.8,0.8,0.42,NOMINAL_ACCORD,0,NOMINAL,Within Acceptable Error Tolerance
2019-07-10 00:00,2019-07-17,7,IND-KON-GOA,Konkan & Goa Coastal Strip,West Coast,NOAA_GEFS_v12_2019071000,24.7,27.2,1007.6,-1.9,75.5,17.6,1135.0,1.92,ERA5_REANALYSIS_0.25DEG,VERIFIED,19.5,25.3,1007.7,5.2,5.2,1.9,1.9,-0.1,0.1,0.2,HIT,0,NOMINAL,Within Acceptable Error Tolerance
2019-07-10 00:00,2019-07-18,8,IND-KON-GOA,Konkan & Goa Coastal Strip,West Coast,NOAA_GEFS_v12_2019071000,21.5,26.7,1004.5,-2.1,77.0,18.4,1190.0,2.08,ERA5_REANALYSIS_0.25DEG,VERIFIED,19.4,25.8,1005.6,2.1,2.1,0.9,0.9,-1.1,1.1,0.08,HIT,0,NOMINAL,Within Acceptable Error Tolerance
2019-07-10 00:00,2019-07-19,9,IND-KON-GOA,Konkan & Goa Coastal Strip,West Coast,NOAA_GEFS_v12_2019071000,19.2,27.0,1004.7,-2.3,78.5,19.2,1245.0,2.24,ERA5_REANALYSIS_0.25DEG,VERIFIED,16.8,25.8,1004.0,2.4,2.4,1.2,1.2,0.7,0.7,0.09,HIT,0,NOMINAL,Within Acceptable Error Tolerance
2019-07-10 00:00,2019-07-20,10,IND-KON-GOA,Konkan & Goa Coastal Strip,West Coast,NOAA_GEFS_v12_2019071000,11.3,25.2,1002.8,-2.5,80.0,20.0,1300.0,2.4,ERA5_REANALYSIS_0.25DEG,VERIFIED,14.2,26.1,1002.6,-2.9,2.9,-0.9,0.9,0.2,0.2,0.11,NOMINAL_ACCORD,0,NOMINAL,Within Acceptable Error Tolerance
2019-07-10 00:00,2019-07-11,1,IND-TEL-AP,Telangana & Coastal Andhra,South-East,NOAA_GEFS_v12_2019071000,3.1,32.0,1005.4,-0.7,66.5,12.8,805.0,0.96,ERA5_REANALYSIS_0.25DEG,VERIFIED,0.4,32.4,1005.6,2.7,2.7,-0.4,0.4,-0.2,0.2,0.25,NOMINAL_ACCORD,0,NOMINAL,Within Acceptable Error Tolerance
2019-07-10 00:00,2019-07-12,2,IND-TEL-AP,Telangana & Coastal Andhra,South-East,NOAA_GEFS_v12_2019071000,0.0,32.9,1005.1,-0.9,68.0,13.6,860.0,1.12,ERA5_REANALYSIS_0.25DEG,VERIFIED,0.3,33.0,1006.6,-0.3,0.3,-0.1,0.1,-1.5,1.5,0.03,NOMINAL_ACCORD,0,NOMINAL,Within Acceptable Error Tolerance
2019-07-10 00:00,2019-07-13,3,IND-TEL-AP,Telangana & Coastal Andhra,South-East,NOAA_GEFS_v12_2019071000,4.2,31.8,1004.4,-1.1,69.5,14.4,915.0,1.28,ERA5_REANALYSIS_0.25DEG,VERIFIED,6.3,32.1,1006.7,-2.1,2.1,-0.3,0.3,-2.3,2.3,0.19,NOMINAL_ACCORD,0,NOMINAL,Within Acceptable Error Tolerance
2019-07-10 00:00,2019-07-14,4,IND-TEL-AP,Telangana & Coastal Andhra,South-East,NOAA_GEFS_v12_2019071000,8.3,30.1,1003.8,-1.3,71.0,15.2,970.0,1.44,ERA5_REANALYSIS_0.25DEG,VERIFIED,3.2,30.0,1005.6,5.1,5.1,0.1,0.1,-1.8,1.8,0.46,NOMINAL_ACCORD,0,NOMINAL,Within Acceptable Error Tolerance
2019-07-10 00:00,2019-07-15,5,IND-TEL-AP,Telangana & Coastal Andhra,South-East,NOAA_GEFS_v12_2019071000,8.6,30.6,1004.5,-1.5,72.5,16.0,1025.0,1.6,ERA5_REANALYSIS_0.25DEG,VERIFIED,3.3,30.1,1004.5,5.3,5.3,0.5,0.5,0.0,0.0,0.48,NOMINAL_ACCORD,0,NOMINAL,Within Acceptable Error Tolerance
2019-07-10 00:00,2019-07-16,6,IND-TEL-AP,Telangana & Coastal Andhra,South-East,NOAA_GEFS_v12_2019071000,0.0,30.1,1003.2,-1.7,74.0,16.8,1080.0,1.76,ERA5_REANALYSIS_0.25DEG,VERIFIED,1.6,31.8,1004.1,-1.6,1.6,-1.7,1.7,-0.9,0.9,0.15,NOMINAL_ACCORD,0,NOMINAL,Within Acceptable Error Tolerance
2019-07-10 00:00,2019-07-17,7,IND-TEL-AP,Telangana & Coastal Andhra,South-East,NOAA_GEFS_v12_2019071000,4.4,32.7,1001.3,-1.9,75.5,17.6,1135.0,1.92,ERA5_REANALYSIS_0.25DEG,VERIFIED,0.7,32.8,1002.6,3.7,3.7,-0.1,0.1,-1.3,1.3,0.34,NOMINAL_ACCORD,0,NOMINAL,Within Acceptable Error Tolerance
2019-07-10 00:00,2019-07-18,8,IND-TEL-AP,Telangana & Coastal Andhra,South-East,NOAA_GEFS_v12_2019071000,14.6,30.6,1002.8,-2.1,77.0,18.4,1190.0,2.08,ERA5_REANALYSIS_0.25DEG,VERIFIED,10.1,31.3,1001.4,4.5,4.5,-0.7,0.7,1.4,1.4,0.41,NOMINAL_ACCORD,0,NOMINAL,Within Acceptable Error Tolerance
2019-07-10 00:00,2019-07-19,9,IND-TEL-AP,Telangana & Coastal Andhra,South-East,NOAA_GEFS_v12_2019071000,12.0,29.8,1000.2,-2.3,78.5,19.2,1245.0,2.24,ERA5_REANALYSIS_0.25DEG,VERIFIED,6.1,28.2,1001.2,5.9,5.9,1.6,1.6,-1.0,1.0,0.54,NOMINAL_ACCORD,0,NOMINAL,Within Acceptable Error Tolerance
2019-07-10 00:00,2019-07-20,10,IND-TEL-AP,Telangana & Coastal Andhra,South-East,NOAA_GEFS_v12_2019071000,19.6,29.2,1002.5,-2.5,80.0,20.0,1300.0,2.4,ERA5_REANALYSIS_0.25DEG,VERIFIED,13.1,28.2,1002.0,6.5,6.5,1.0,1.0,0.5,0.5,0.59,NOMINAL_ACCORD,0,NOMINAL,Within Acceptable Error Tolerance
2019-07-10 00:00,2019-07-11,1,IND-KAR,Karnataka Interior,South,NOAA_GEFS_v12_2019071000,4.0,23.1,1010.3,-0.7,66.5,12.8,805.0,0.96,ERA5_REANALYSIS_0.25DEG,VERIFIED,1.0,23.4,1010.6,3.0,3.0,-0.3,0.3,-0.3,0.3,0.29,NOMINAL_ACCORD,0,NOMINAL,Within Acceptable Error Tolerance
2019-07-10 00:00,2019-07-12,2,IND-KAR,Karnataka Interior,South,NOAA_GEFS_v12_2019071000,5.3,23.3,1012.4,-0.9,68.0,13.6,860.0,1.12,ERA5_REANALYSIS_0.25DEG,VERIFIED,3.7,24.2,1011.1,1.6,1.6,-0.9,0.9,1.3,1.3,0.15,NOMINAL_ACCORD,0,NOMINAL,Within Acceptable Error Tolerance
2019-07-10 00:00,2019-07-13,3,IND-KAR,Karnataka Interior,South,NOAA_GEFS_v12_2019071000,0.0,24.7,1009.8,-1.1,69.5,14.4,915.0,1.28,ERA5_REANALYSIS_0.25DEG,VERIFIED,4.4,24.8,1011.0,-4.4,4.4,-0.1,0.1,-1.2,1.2,0.42,NOMINAL_ACCORD,0,NOMINAL,Within Acceptable Error Tolerance
2019-07-10 00:00,2019-07-14,4,IND-KAR,Karnataka Interior,South,NOAA_GEFS_v12_2019071000,1.2,24.4,1009.6,-1.3,71.0,15.2,970.0,1.44,ERA5_REANALYSIS_0.25DEG,VERIFIED,4.6,24.5,1010.0,-3.4,3.4,-0.1,0.1,-0.4,0.4,0.32,NOMINAL_ACCORD,0,NOMINAL,Within Acceptable Error Tolerance
2019-07-10 00:00,2019-07-15,5,IND-KAR,Karnataka Interior,South,NOAA_GEFS_v12_2019071000,9.8,24.8,1009.7,-1.5,72.5,16.0,1025.0,1.6,ERA5_REANALYSIS_0.25DEG,VERIFIED,6.3,24.3,1009.2,3.5,3.5,0.5,0.5,0.5,0.5,0.33,NOMINAL_ACCORD,0,NOMINAL,Within Acceptable Error Tolerance
2019-07-10 00:00,2019-07-16,6,IND-KAR,Karnataka Interior,South,NOAA_GEFS_v12_2019071000,9.7,26.0,1010.6,-1.7,74.0,16.8,1080.0,1.76,ERA5_REANALYSIS_0.25DEG,VERIFIED,7.3,24.3,1009.3,2.4,2.4,1.7,1.7,1.3,1.3,0.23,NOMINAL_ACCORD,0,NOMINAL,Within Acceptable Error Tolerance
2019-07-10 00:00,2019-07-17,7,IND-KAR,Karnataka Interior,South,NOAA_GEFS_v12_2019071000,21.0,24.8,1008.9,-1.9,75.5,17.6,1135.0,1.92,ERA5_REANALYSIS_0.25DEG,VERIFIED,15.9,24.0,1008.2,5.1,5.1,0.8,0.8,0.7,0.7,0.49,HIT,0,NOMINAL,Within Acceptable Error Tolerance
2019-07-10 00:00,2019-07-18,8,IND-KAR,Karnataka Interior,South,NOAA_GEFS_v12_2019071000,13.4,23.1,1006.3,-2.1,77.0,18.4,1190.0,2.08,ERA5_REANALYSIS_0.25DEG,VERIFIED,14.3,24.2,1006.2,-0.9,0.9,-1.1,1.1,0.1,0.1,0.09,NOMINAL_ACCORD,0,NOMINAL,Within Acceptable Error Tolerance
2019-07-10 00:00,2019-07-19,9,IND-KAR,Karnataka Interior,South,NOAA_GEFS_v12_2019071000,11.4,23.7,1004.8,-2.3,78.5,19.2,1245.0,2.24,ERA5_REANALYSIS_0.25DEG,VERIFIED,11.8,24.0,1005.1,-0.4,0.4,-0.3,0.3,-0.3,0.3,0.04,NOMINAL_ACCORD,0,NOMINAL,Within Acceptable Error Tolerance
2019-07-10 00:00,2019-07-20,10,IND-KAR,Karnataka Interior,South,NOAA_GEFS_v12_2019071000,7.5,22.8,1004.3,-2.5,80.0,20.0,1300.0,2.4,ERA5_REANALYSIS_0.25DEG,VERIFIED,4.8,23.9,1004.8,2.7,2.7,-1.1,1.1,-0.5,0.5,0.26,NOMINAL_ACCORD,0,NOMINAL,Within Acceptable Error Tolerance
2019-07-10 00:00,2019-07-11,1,IND-KER,Kerala Coast & High Ranges,South Coast,NOAA_GEFS_v12_2019071000,0.0,26.7,1010.8,-0.7,66.5,12.8,805.0,0.96,ERA5_REANALYSIS_0.25DEG,VERIFIED,1.6,26.6,1009.9,-1.6,1.6,0.1,0.1,0.9,0.9,0.07,NOMINAL_ACCORD,0,NOMINAL,Within Acceptable Error Tolerance
2019-07-10 00:00,2019-07-12,2,IND-KER,Kerala Coast & High Ranges,South Coast,NOAA_GEFS_v12_2019071000,6.9,26.2,1011.1,-0.9,68.0,13.6,860.0,1.12,ERA5_REANALYSIS_0.25DEG,VERIFIED,6.1,26.5,1010.7,0.8,0.8,-0.3,0.3,0.4,0.4,0.04,NOMINAL_ACCORD,0,NOMINAL,Within Acceptable Error Tolerance
2019-07-10 00:00,2019-07-13,3,IND-KER,Kerala Coast & High Ranges,South Coast,NOAA_GEFS_v12_2019071000,16.6,27.1,1011.1,-1.1,69.5,14.4,915.0,1.28,ERA5_REANALYSIS_0.25DEG,VERIFIED,9.1,26.3,1010.9,7.5,7.5,0.8,0.8,0.2,0.2,0.34,NOMINAL_ACCORD,0,NOMINAL,Within Acceptable Error Tolerance
2019-07-10 00:00,2019-07-14,4,IND-KER,Kerala Coast & High Ranges,South Coast,NOAA_GEFS_v12_2019071000,34.5,24.6,1009.1,-1.3,71.0,15.2,970.0,1.44,ERA5_REANALYSIS_0.25DEG,VERIFIED,29.9,25.2,1010.5,4.6,4.6,-0.6,0.6,-1.4,1.4,0.21,HIT,0,NOMINAL,Within Acceptable Error Tolerance
2019-07-10 00:00,2019-07-15,5,IND-KER,Kerala Coast & High Ranges,South Coast,NOAA_GEFS_v12_2019071000,9.3,24.8,1008.6,-1.5,72.5,16.0,1025.0,1.6,ERA5_REANALYSIS_0.25DEG,VERIFIED,13.5,25.3,1009.5,-4.2,4.2,-0.5,0.5,-0.9,0.9,0.19,NOMINAL_ACCORD,0,NOMINAL,Within Acceptable Error Tolerance
2019-07-10 00:00,2019-07-16,6,IND-KER,Kerala Coast & High Ranges,South Coast,NOAA_GEFS_v12_2019071000,11.0,24.4,1008.9,-1.7,74.0,16.8,1080.0,1.76,ERA5_REANALYSIS_0.25DEG,VERIFIED,12.2,25.3,1009.5,-1.2,1.2,-0.9,0.9,-0.6,0.6,0.05,NOMINAL_ACCORD,0,NOMINAL,Within Acceptable Error Tolerance
2019-07-10 00:00,2019-07-17,7,IND-KER,Kerala Coast & High Ranges,South Coast,NOAA_GEFS_v12_2019071000,21.2,24.8,1009.6,-1.9,75.5,17.6,1135.0,1.92,ERA5_REANALYSIS_0.25DEG,VERIFIED,22.4,25.5,1007.8,-1.2,1.2,-0.7,0.7,1.8,1.8,0.05,HIT,0,NOMINAL,Within Acceptable Error Tolerance
2019-07-10 00:00,2019-07-18,8,IND-KER,Kerala Coast & High Ranges,South Coast,NOAA_GEFS_v12_2019071000,21.5,24.4,1006.7,-2.1,77.0,18.4,1190.0,2.08,ERA5_REANALYSIS_0.25DEG,VERIFIED,39.4,24.8,1007.0,-17.9,17.9,-0.4,0.4,-0.3,0.3,0.81,HIT,0,NOMINAL,Within Acceptable Error Tolerance
2019-07-10 00:00,2019-07-19,9,IND-KER,Kerala Coast & High Ranges,South Coast,NOAA_GEFS_v12_2019071000,31.5,27.0,1011.5,-3.8,78.5,19.2,3280.0,4.32,ERA5_REANALYSIS_0.25DEG,VERIFIED,108.0,24.2,1007.3,-76.5,76.5,2.8,2.8,4.2,4.2,3.48,HIT,1,CONFIRMED_BUST,Extreme Rain Error (76.5 mm >= 35.0 mm); Climatological Anomaly Exceeded (Z=3.48 >= 2.5)
2019-07-10 00:00,2019-07-20,10,IND-KER,Kerala Coast & High Ranges,South Coast,NOAA_GEFS_v12_2019071000,14.0,26.9,1012.1,-3.8,80.0,20.0,3400.0,4.74,ERA5_REANALYSIS_0.25DEG,VERIFIED,55.7,24.1,1007.9,-41.7,41.7,2.8,2.8,4.2,4.2,1.9,NOMINAL_ACCORD,1,CONFIRMED_BUST,Extreme Rain Error (41.7 mm >= 35.0 mm)
2019-07-10 00:00,2019-07-11,1,IND-TN,Tamil Nadu & Puducherry,South,NOAA_GEFS_v12_2019071000,0.5,31.5,1008.3,-0.7,66.5,12.8,805.0,0.96,ERA5_REANALYSIS_0.25DEG,VERIFIED,0.4,31.4,1008.1,0.1,0.1,0.1,0.1,0.2,0.2,0.02,NOMINAL_ACCORD,0,NOMINAL,Within Acceptable Error Tolerance
2019-07-10 00:00,2019-07-12,2,IND-TN,Tamil Nadu & Puducherry,South,NOAA_GEFS_v12_2019071000,10.9,31.0,1008.5,-0.9,68.0,13.6,860.0,1.12,ERA5_REANALYSIS_0.25DEG,VERIFIED,9.8,32.3,1008.4,1.1,1.1,-1.3,1.3,0.1,0.1,0.17,NOMINAL_ACCORD,0,NOMINAL,Within Acceptable Error Tolerance
2019-07-10 00:00,2019-07-13,3,IND-TN,Tamil Nadu & Puducherry,South,NOAA_GEFS_v12_2019071000,5.5,31.2,1009.0,-1.1,69.5,14.4,915.0,1.28,ERA5_REANALYSIS_0.25DEG,VERIFIED,0.4,31.8,1008.5,5.1,5.1,-0.6,0.6,0.5,0.5,0.78,NOMINAL_ACCORD,0,NOMINAL,Within Acceptable Error Tolerance
2019-07-10 00:00,2019-07-14,4,IND-TN,Tamil Nadu & Puducherry,South,NOAA_GEFS_v12_2019071000,5.8,31.0,1008.1,-1.3,71.0,15.2,970.0,1.44,ERA5_REANALYSIS_0.25DEG,VERIFIED,2.3,30.5,1007.9,3.5,3.5,0.5,0.5,0.2,0.2,0.54,NOMINAL_ACCORD,0,NOMINAL,Within Acceptable Error Tolerance
2019-07-10 00:00,2019-07-15,5,IND-TN,Tamil Nadu & Puducherry,South,NOAA_GEFS_v12_2019071000,0.0,30.3,1007.1,-1.5,72.5,16.0,1025.0,1.6,ERA5_REANALYSIS_0.25DEG,VERIFIED,0.2,31.5,1006.2,-0.2,0.2,-1.2,1.2,0.9,0.9,0.03,NOMINAL_ACCORD,0,NOMINAL,Within Acceptable Error Tolerance
2019-07-10 00:00,2019-07-16,6,IND-TN,Tamil Nadu & Puducherry,South,NOAA_GEFS_v12_2019071000,0.0,32.7,1006.7,-1.7,74.0,16.8,1080.0,1.76,ERA5_REANALYSIS_0.25DEG,VERIFIED,0.0,31.8,1006.1,0.0,0.0,0.9,0.9,0.6,0.6,0.0,NOMINAL_ACCORD,0,NOMINAL,Within Acceptable Error Tolerance
2019-07-10 00:00,2019-07-17,7,IND-TN,Tamil Nadu & Puducherry,South,NOAA_GEFS_v12_2019071000,6.4,30.2,1004.5,-1.9,75.5,17.6,1135.0,1.92,ERA5_REANALYSIS_0.25DEG,VERIFIED,7.6,31.4,1004.7,-1.2,1.2,-1.2,1.2,-0.2,0.2,0.18,NOMINAL_ACCORD,0,NOMINAL,Within Acceptable Error Tolerance
2019-07-10 00:00,2019-07-18,8,IND-TN,Tamil Nadu & Puducherry,South,NOAA_GEFS_v12_2019071000,5.7,31.1,1003.9,-2.1,77.0,18.4,1190.0,2.08,ERA5_REANALYSIS_0.25DEG,VERIFIED,3.7,30.6,1003.3,2.0,2.0,0.5,0.5,0.6,0.6,0.31,NOMINAL_ACCORD,0,NOMINAL,Within Acceptable Error Tolerance
2019-07-10 00:00,2019-07-19,9,IND-TN,Tamil Nadu & Puducherry,South,NOAA_GEFS_v12_2019071000,0.0,28.2,1004.2,-2.3,78.5,19.2,1245.0,2.24,ERA5_REANALYSIS_0.25DEG,VERIFIED,2.4,28.8,1003.4,-2.4,2.4,-0.6,0.6,0.8,0.8,0.37,NOMINAL_ACCORD,0,NOMINAL,Within Acceptable Error Tolerance
2019-07-10 00:00,2019-07-20,10,IND-TN,Tamil Nadu & Puducherry,South,NOAA_GEFS_v12_2019071000,5.9,28.2,1004.5,-2.5,80.0,20.0,1300.0,2.4,ERA5_REANALYSIS_0.25DEG,VERIFIED,1.9,29.2,1004.2,4.0,4.0,-1.0,1.0,0.3,0.3,0.62,NOMINAL_ACCORD,0,NOMINAL,Within Acceptable Error Tolerance
2019-07-15 00:00,2019-07-16,1,IND-NW-HIM,Western Himalayas,North,NOAA_GEFS_v12_2019071500,0.8,-3.1,1013.2,-0.7,66.5,12.8,805.0,0.96,ERA5_REANALYSIS_0.25DEG,VERIFIED,2.6,-3.1,1013.9,-1.8,1.8,0.0,0.0,-0.7,0.7,0.14,NOMINAL_ACCORD,0,NOMINAL,Within Acceptable Error Tolerance
2019-07-15 00:00,2019-07-17,2,IND-NW-HIM,Western Himalayas,North,NOAA_GEFS_v12_2019071500,0.0,-2.0,1012.9,-0.9,68.0,13.6,860.0,1.12,ERA5_REANALYSIS_0.25DEG,VERIFIED,0.0,-1.1,1014.0,0.0,0.0,-0.9,0.9,-1.1,1.1,0.0,NOMINAL_ACCORD,0,NOMINAL,Within Acceptable Error Tolerance
2019-07-15 00:00,2019-07-18,3,IND-NW-HIM,Western Himalayas,North,NOAA_GEFS_v12_2019071500,7.2,-2.3,1014.8,-1.1,69.5,14.4,915.0,1.28,ERA5_REANALYSIS_0.25DEG,VERIFIED,4.9,-2.4,1016.0,2.3,2.3,0.1,0.1,-1.2,1.2,0.18,NOMINAL_ACCORD,0,NOMINAL,Within Acceptable Error Tolerance
2019-07-15 00:00,2019-07-19,4,IND-NW-HIM,Western Himalayas,North,NOAA_GEFS_v12_2019071500,6.9,-3.5,1019.3,-1.3,71.0,15.2,970.0,1.44,ERA5_REANALYSIS_0.25DEG,VERIFIED,5.1,-4.1,1018.8,1.8,1.8,0.6,0.6,0.5,0.5,0.14,NOMINAL_ACCORD,0,NOMINAL,Within Acceptable Error Tolerance
2019-07-15 00:00,2019-07-20,5,IND-NW-HIM,Western Himalayas,North,NOAA_GEFS_v12_2019071500,7.7,-1.4,1018.6,-1.5,72.5,16.0,1025.0,1.6,ERA5_REANALYSIS_0.25DEG,VERIFIED,4.9,-1.9,1018.7,2.8,2.8,0.5,0.5,-0.1,0.1,0.22,NOMINAL_ACCORD,0,NOMINAL,Within Acceptable Error Tolerance
2019-07-15 00:00,2019-07-21,6,IND-NW-HIM,Western Himalayas,North,NOAA_GEFS_v12_2019071500,0.0,1.2,1015.3,-1.7,74.0,16.8,1080.0,1.76,ERA5_REANALYSIS_0.25DEG,VERIFIED,0.0,0.2,1016.0,0.0,0.0,1.0,1.0,-0.7,0.7,0.0,NOMINAL_ACCORD,0,NOMINAL,Within Acceptable Error Tolerance
2019-07-15 00:00,2019-07-22,7,IND-NW-HIM,Western Himalayas,North,NOAA_GEFS_v12_2019071500,0.0,1.6,1016.1,-1.9,75.5,17.6,1135.0,1.92,ERA5_REANALYSIS_0.25DEG,VERIFIED,0.3,0.2,1015.9,-0.3,0.3,1.4,1.4,0.2,0.2,0.02,NOMINAL_ACCORD,0,NOMINAL,Within Acceptable Error Tolerance
2019-07-15 00:00,2019-07-23,8,IND-NW-HIM,Western Himalayas,North,NOAA_GEFS_v12_2019071500,7.0,2.7,1013.9,-2.1,77.0,18.4,1190.0,2.08,ERA5_REANALYSIS_0.25DEG,VERIFIED,0.5,1.9,1014.3,6.5,6.5,0.8,0.8,-0.4,0.4,0.52,NOMINAL_ACCORD,0,NOMINAL,Within Acceptable Error Tolerance
2019-07-15 00:00,2019-07-24,9,IND-NW-HIM,Western Himalayas,North,NOAA_GEFS_v12_2019071500,0.0,1.5,1012.5,-2.3,78.5,19.2,1245.0,2.24,ERA5_REANALYSIS_0.25DEG,VERIFIED,1.3,1.3,1012.6,-1.3,1.3,0.2,0.2,-0.1,0.1,0.1,NOMINAL_ACCORD,0,NOMINAL,Within Acceptable Error Tolerance
2019-07-15 00:00,2019-07-25,10,IND-NW-HIM,Western Himalayas,North,NOAA_GEFS_v12_2019071500,5.6,1.9,1014.1,-2.5,80.0,20.0,1300.0,2.4,ERA5_REANALYSIS_0.25DEG,VERIFIED,1.6,0.2,1012.9,4.0,4.0,1.7,1.7,1.2,1.2,0.32,NOMINAL_ACCORD,0,NOMINAL,Within Acceptable Error Tolerance
2019-07-15 00:00,2019-07-16,1,IND-NW-PLN,Indo-Gangetic NW Plains,North,NOAA_GEFS_v12_2019071500,17.1,25.1,1000.5,-0.7,66.5,12.8,805.0,0.96,ERA5_REANALYSIS_0.25DEG,VERIFIED,17.6,25.3,1000.8,-0.5,0.5,-0.2,0.2,-0.3,0.3,0.05,HIT,0,NOMINAL,Within Acceptable Error Tolerance
2019-07-15 00:00,2019-07-17,2,IND-NW-PLN,Indo-Gangetic NW Plains,North,NOAA_GEFS_v12_2019071500,22.3,26.0,1001.0,-0.9,68.0,13.6,860.0,1.12,ERA5_REANALYSIS_0.25DEG,VERIFIED,18.6,25.7,1001.1,3.7,3.7,0.3,0.3,-0.1,0.1,0.34,HIT,0,NOMINAL,Within Acceptable Error Tolerance
2019-07-15 00:00,2019-07-18,3,IND-NW-PLN,Indo-Gangetic NW Plains,North,NOAA_GEFS_v12_2019071500,1.0,28.2,1001.9,-1.1,69.5,14.4,915.0,1.28,ERA5_REANALYSIS_0.25DEG,VERIFIED,4.5,27.9,1000.6,-3.5,3.5,0.3,0.3,1.3,1.3,0.32,NOMINAL_ACCORD,0,NOMINAL,Within Acceptable Error Tolerance
2019-07-15 00:00,2019-07-19,4,IND-NW-PLN,Indo-Gangetic NW Plains,North,NOAA_GEFS_v12_2019071500,9.2,28.1,999.7,-1.3,71.0,15.2,970.0,1.44,ERA5_REANALYSIS_0.25DEG,VERIFIED,18.2,28.8,1001.4,-9.0,9.0,-0.7,0.7,-1.7,1.7,0.82,NOMINAL_ACCORD,0,NOMINAL,Within Acceptable Error Tolerance
2019-07-15 00:00,2019-07-20,5,IND-NW-PLN,Indo-Gangetic NW Plains,North,NOAA_GEFS_v12_2019071500,9.3,30.2,1001.4,-1.5,72.5,16.0,1025.0,1.6,ERA5_REANALYSIS_0.25DEG,VERIFIED,11.1,28.7,1001.8,-1.8,1.8,1.5,1.5,-0.4,0.4,0.16,NOMINAL_ACCORD,0,NOMINAL,Within Acceptable Error Tolerance
2019-07-15 00:00,2019-07-21,6,IND-NW-PLN,Indo-Gangetic NW Plains,North,NOAA_GEFS_v12_2019071500,4.6,29.9,1000.8,-1.7,74.0,16.8,1080.0,1.76,ERA5_REANALYSIS_0.25DEG,VERIFIED,6.9,29.4,1001.3,-2.3,2.3,0.5,0.5,-0.5,0.5,0.21,NOMINAL_ACCORD,0,NOMINAL,Within Acceptable Error Tolerance
2019-07-15 00:00,2019-07-22,7,IND-NW-PLN,Indo-Gangetic NW Plains,North,NOAA_GEFS_v12_2019071500,16.4,30.2,999.7,-1.9,75.5,17.6,1135.0,1.92,ERA5_REANALYSIS_0.25DEG,VERIFIED,8.4,30.2,1000.0,8.0,8.0,0.0,0.0,-0.3,0.3,0.73,NOMINAL_ACCORD,0,NOMINAL,Within Acceptable Error Tolerance
2019-07-15 00:00,2019-07-23,8,IND-NW-PLN,Indo-Gangetic NW Plains,North,NOAA_GEFS_v12_2019071500,74.3,28.5,994.9,-2.5,77.0,18.4,1600.0,3.7,ERA5_REANALYSIS_0.25DEG,VERIFIED,4.3,31.0,998.4,70.0,70.0,-2.5,2.5,-3.5,3.5,6.36,FALSE_ALARM_HEAVY,1,CONFIRMED_BUST,Catastrophic False Alarm (Fcst >= 64.5mm with Obs < 10mm); Extreme Rain Error (70.0 mm >= 35.0 mm); Climatological Anomaly Exceeded (Z=6.36 >= 2.5)
2019-07-15 00:00,2019-07-24,9,IND-NW-PLN,Indo-Gangetic NW Plains,North,NOAA_GEFS_v12_2019071500,0.9,29.7,998.6,-2.3,78.5,19.2,1245.0,2.24,ERA5_REANALYSIS_0.25DEG,VERIFIED,13.7,30.5,996.9,-12.8,12.8,-0.8,0.8,1.7,1.7,1.16,NOMINAL_ACCORD,0,NOMINAL,Within Acceptable Error Tolerance
2019-07-15 00:00,2019-07-25,10,IND-NW-PLN,Indo-Gangetic NW Plains,North,NOAA_GEFS_v12_2019071500,12.0,26.6,999.8,-2.5,80.0,20.0,1300.0,2.4,ERA5_REANALYSIS_0.25DEG,VERIFIED,13.6,27.4,998.8,-1.6,1.6,-0.8,0.8,1.0,1.0,0.15,NOMINAL_ACCORD,0,NOMINAL,Within Acceptable Error Tolerance
2019-07-15 00:00,2019-07-16,1,IND-RAJ,Rajasthan (Arid & Semi-Arid),West,NOAA_GEFS_v12_2019071500,2.5,32.1,1000.7,-0.7,66.5,12.8,805.0,0.96,ERA5_REANALYSIS_0.25DEG,VERIFIED,0.0,32.0,1000.0,2.5,2.5,0.1,0.1,0.7,0.7,0.33,NOMINAL_ACCORD,0,NOMINAL,Within Acceptable Error Tolerance
2019-07-15 00:00,2019-07-17,2,IND-RAJ,Rajasthan (Arid & Semi-Arid),West,NOAA_GEFS_v12_2019071500,0.0,32.2,1000.1,-0.9,68.0,13.6,860.0,1.12,ERA5_REANALYSIS_0.25DEG,VERIFIED,0.0,31.5,1001.1,0.0,0.0,0.7,0.7,-1.0,1.0,0.0,NOMINAL_ACCORD,0,NOMINAL,Within Acceptable Error Tolerance
2019-07-15 00:00,2019-07-18,3,IND-RAJ,Rajasthan (Arid & Semi-Arid),West,NOAA_GEFS_v12_2019071500,0.0,32.8,999.7,-1.1,69.5,14.4,915.0,1.28,ERA5_REANALYSIS_0.25DEG,VERIFIED,0.0,32.7,1000.4,0.0,0.0,0.1,0.1,-0.7,0.7,0.0,NOMINAL_ACCORD,0,NOMINAL,Within Acceptable Error Tolerance
2019-07-15 00:00,2019-07-19,4,IND-RAJ,Rajasthan (Arid & Semi-Arid),West,NOAA_GEFS_v12_2019071500,2.2,32.8,1000.7,-1.3,71.0,15.2,970.0,1.44,ERA5_REANALYSIS_0.25DEG,VERIFIED,0.0,33.4,1000.8,2.2,2.2,-0.6,0.6,-0.1,0.1,0.29,NOMINAL_ACCORD,0,NOMINAL,Within Acceptable Error Tolerance
2019-07-15 00:00,2019-07-20,5,IND-RAJ,Rajasthan (Arid & Semi-Arid),West,NOAA_GEFS_v12_2019071500,60.0,31.3,997.4,-2.5,72.5,16.0,1600.0,3.1,ERA5_REANALYSIS_0.25DEG,VERIFIED,0.5,33.8,1000.9,59.5,59.5,-2.5,2.5,-3.5,3.5,7.93,NOMINAL_ACCORD,1,CONFIRMED_BUST,Extreme Rain Error (59.5 mm >= 35.0 mm); Climatological Anomaly Exceeded (Z=7.93 >= 2.5)
2019-07-15 00:00,2019-07-21,6,IND-RAJ,Rajasthan (Arid & Semi-Arid),West,NOAA_GEFS_v12_2019071500,66.1,30.6,996.0,-2.5,74.0,16.8,1600.0,3.3,ERA5_REANALYSIS_0.25DEG,VERIFIED,3.1,33.1,999.5,63.0,63.0,-2.5,2.5,-3.5,3.5,8.4,FALSE_ALARM_HEAVY,1,CONFIRMED_BUST,Catastrophic False Alarm (Fcst >= 64.5mm with Obs < 10mm); Extreme Rain Error (63.0 mm >= 35.0 mm); Climatological Anomaly Exceeded (Z=8.4 >= 2.5)
2019-07-15 00:00,2019-07-22,7,IND-RAJ,Rajasthan (Arid & Semi-Arid),West,NOAA_GEFS_v12_2019071500,5.3,32.0,998.6,-1.9,75.5,17.6,1135.0,1.92,ERA5_REANALYSIS_0.25DEG,VERIFIED,6.8,32.3,999.2,-1.5,1.5,-0.3,0.3,-0.6,0.6,0.2,NOMINAL_ACCORD,0,NOMINAL,Within Acceptable Error Tolerance
2019-07-15 00:00,2019-07-23,8,IND-RAJ,Rajasthan (Arid & Semi-Arid),West,NOAA_GEFS_v12_2019071500,15.3,34.5,998.8,-2.1,77.0,18.4,1190.0,2.08,ERA5_REANALYSIS_0.25DEG,VERIFIED,8.4,33.9,998.9,6.9,6.9,0.6,0.6,-0.1,0.1,0.92,NOMINAL_ACCORD,0,NOMINAL,Within Acceptable Error Tolerance
2019-07-15 00:00,2019-07-24,9,IND-RAJ,Rajasthan (Arid & Semi-Arid),West,NOAA_GEFS_v12_2019071500,73.5,33.2,994.3,-2.5,78.5,19.2,1600.0,3.9,ERA5_REANALYSIS_0.25DEG,VERIFIED,0.0,35.7,997.8,73.5,73.5,-2.5,2.5,-3.5,3.5,9.8,FALSE_ALARM_HEAVY,1,CONFIRMED_BUST,Catastrophic False Alarm (Fcst >= 64.5mm with Obs < 10mm); Extreme Rain Error (73.5 mm >= 35.0 mm); Climatological Anomaly Exceeded (Z=9.8 >= 2.5)
2019-07-15 00:00,2019-07-25,10,IND-RAJ,Rajasthan (Arid & Semi-Arid),West,NOAA_GEFS_v12_2019071500,77.0,30.5,994.1,-2.5,80.0,20.0,1600.0,4.1,ERA5_REANALYSIS_0.25DEG,VERIFIED,0.0,33.0,997.6,77.0,77.0,-2.5,2.5,-3.5,3.5,10.27,FALSE_ALARM_HEAVY,1,CONFIRMED_BUST,Catastrophic False Alarm (Fcst >= 64.5mm with Obs < 10mm); Extreme Rain Error (77.0 mm >= 35.0 mm); Climatological Anomaly Exceeded (Z=10.27 >= 2.5)
2019-07-15 00:00,2019-07-16,1,IND-GUJ,Gujarat & Saurashtra,West,NOAA_GEFS_v12_2019071500,1.9,30.8,1003.6,-0.7,66.5,12.8,805.0,0.96,ERA5_REANALYSIS_0.25DEG,VERIFIED,0.4,30.7,1003.1,1.5,1.5,0.1,0.1,0.5,0.5,0.11,NOMINAL_ACCORD,0,NOMINAL,Within Acceptable Error Tolerance
2019-07-15 00:00,2019-07-17,2,IND-GUJ,Gujarat & Saurashtra,West,NOAA_GEFS_v12_2019071500,0.0,31.3,1002.8,-0.9,68.0,13.6,860.0,1.12,ERA5_REANALYSIS_0.25DEG,VERIFIED,0.0,30.6,1003.3,0.0,0.0,0.7,0.7,-0.5,0.5,0.0,NOMINAL_ACCORD,0,NOMINAL,Within Acceptable Error Tolerance
2019-07-15 00:00,2019-07-18,3,IND-GUJ,Gujarat & Saurashtra,West,NOAA_GEFS_v12_2019071500,0.3,31.4,1002.9,-1.1,69.5,14.4,915.0,1.28,ERA5_REANALYSIS_0.25DEG,VERIFIED,0.3,31.0,1002.2,0.0,0.0,0.4,0.4,0.7,0.7,0.0,NOMINAL_ACCORD,0,NOMINAL,Within Acceptable Error Tolerance
2019-07-15 00:00,2019-07-19,4,IND-GUJ,Gujarat & Saurashtra,West,NOAA_GEFS_v12_2019071500,4.5,32.4,1001.5,-1.3,71.0,15.2,970.0,1.44,ERA5_REANALYSIS_0.25DEG,VERIFIED,0.0,31.7,1001.6,4.5,4.5,0.7,0.7,-0.1,0.1,0.32,NOMINAL_ACCORD,0,NOMINAL,Within Acceptable Error Tolerance
2019-07-15 00:00,2019-07-20,5,IND-GUJ,Gujarat & Saurashtra,West,NOAA_GEFS_v12_2019071500,1.3,30.1,1002.3,-1.5,72.5,16.0,1025.0,1.6,ERA5_REANALYSIS_0.25DEG,VERIFIED,1.6,31.0,1001.4,-0.3,0.3,-0.9,0.9,0.9,0.9,0.02,NOMINAL_ACCORD,0,NOMINAL,Within Acceptable Error Tolerance
2019-07-15 00:00,2019-07-21,6,IND-GUJ,Gujarat & Saurashtra,West,NOAA_GEFS_v12_2019071500,28.2,32.2,999.6,-1.7,74.0,16.8,1080.0,1.76,ERA5_REANALYSIS_0.25DEG,VERIFIED,24.3,29.0,1000.7,3.9,3.9,3.2,3.2,-1.1,1.1,0.28,HIT,0,NOMINAL,Within Acceptable Error Tolerance
2019-07-15 00:00,2019-07-22,7,IND-GUJ,Gujarat & Saurashtra,West,NOAA_GEFS_v12_2019071500,12.4,29.3,999.7,-1.9,75.5,17.6,1135.0,1.92,ERA5_REANALYSIS_0.25DEG,VERIFIED,15.1,28.8,999.7,-2.7,2.7,0.5,0.5,0.0,0.0,0.19,NOMINAL_ACCORD,0,NOMINAL,Within Acceptable Error Tolerance
2019-07-15 00:00,2019-07-23,8,IND-GUJ,Gujarat & Saurashtra,West,NOAA_GEFS_v12_2019071500,15.8,30.7,1001.1,-2.1,77.0,18.4,1190.0,2.08,ERA5_REANALYSIS_0.25DEG,VERIFIED,5.5,29.4,1000.3,10.3,10.3,1.3,1.3,0.8,0.8,0.74,NOMINAL_ACCORD,0,NOMINAL,Within Acceptable Error Tolerance
2019-07-15 00:00,2019-07-24,9,IND-GUJ,Gujarat & Saurashtra,West,NOAA_GEFS_v12_2019071500,6.2,31.7,1001.7,-2.3,78.5,19.2,1245.0,2.24,ERA5_REANALYSIS_0.25DEG,VERIFIED,4.3,28.9,1001.7,1.9,1.9,2.8,2.8,0.0,0.0,0.14,NOMINAL_ACCORD,0,NOMINAL,Within Acceptable Error Tolerance
2019-07-15 00:00,2019-07-25,10,IND-GUJ,Gujarat & Saurashtra,West,NOAA_GEFS_v12_2019071500,13.3,27.0,1002.6,-2.5,80.0,20.0,1300.0,2.4,ERA5_REANALYSIS_0.25DEG,VERIFIED,0.9,28.7,1002.4,12.4,12.4,-1.7,1.7,0.2,0.2,0.89,NOMINAL_ACCORD,0,NOMINAL,Within Acceptable Error Tolerance
2019-07-15 00:00,2019-07-16,1,IND-UP-BIH,Middle Gangetic Plains,East,NOAA_GEFS_v12_2019071500,5.6,29.3,1000.6,-0.7,66.5,12.8,805.0,0.96,ERA5_REANALYSIS_0.25DEG,VERIFIED,6.2,29.5,1000.7,-0.6,0.6,-0.2,0.2,-0.1,0.1,0.04,NOMINAL_ACCORD,0,NOMINAL,Within Acceptable Error Tolerance
2019-07-15 00:00,2019-07-17,2,IND-UP-BIH,Middle Gangetic Plains,East,NOAA_GEFS_v12_2019071500,0.0,30.9,999.9,-0.9,68.0,13.6,860.0,1.12,ERA5_REANALYSIS_0.25DEG,VERIFIED,3.9,30.4,1000.4,-3.9,3.9,0.5,0.5,-0.5,0.5,0.29,NOMINAL_ACCORD,0,NOMINAL,Within Acceptable Error Tolerance
2019-07-15 00:00,2019-07-18,3,IND-UP-BIH,Middle Gangetic Plains,East,NOAA_GEFS_v12_2019071500,3.3,31.9,1000.6,-1.1,69.5,14.4,915.0,1.28,ERA5_REANALYSIS_0.25DEG,VERIFIED,7.0,31.0,999.9,-3.7,3.7,0.9,0.9,0.7,0.7,0.27,NOMINAL_ACCORD,0,NOMINAL,Within Acceptable Error Tolerance
2019-07-15 00:00,2019-07-19,4,IND-UP-BIH,Middle Gangetic Plains,East,NOAA_GEFS_v12_2019071500,0.0,30.4,1001.5,-1.3,71.0,15.2,970.0,1.44,ERA5_REANALYSIS_0.25DEG,VERIFIED,2.6,30.7,1000.8,-2.6,2.6,-0.3,0.3,0.7,0.7,0.19,NOMINAL_ACCORD,0,NOMINAL,Within Acceptable Error Tolerance
2019-07-15 00:00,2019-07-20,5,IND-UP-BIH,Middle Gangetic Plains,East,NOAA_GEFS_v12_2019071500,0.0,30.6,1002.3,-1.5,72.5,16.0,1025.0,1.6,ERA5_REANALYSIS_0.25DEG,VERIFIED,0.7,31.4,1001.1,-0.7,0.7,-0.8,0.8,1.2,1.2,0.05,NOMINAL_ACCORD,0,NOMINAL,Within Acceptable Error Tolerance
2019-07-15 00:00,2019-07-21,6,IND-UP-BIH,Middle Gangetic Plains,East,NOAA_GEFS_v12_2019071500,0.0,31.0,999.3,-1.7,74.0,16.8,1080.0,1.76,ERA5_REANALYSIS_0.25DEG,VERIFIED,4.8,31.4,1000.7,-4.8,4.8,-0.4,0.4,-1.4,1.4,0.36,NOMINAL_ACCORD,0,NOMINAL,Within Acceptable Error Tolerance
2019-07-15 00:00,2019-07-22,7,IND-UP-BIH,Middle Gangetic Plains,East,NOAA_GEFS_v12_2019071500,36.5,29.5,1000.3,-1.9,75.5,17.6,1135.0,1.92,ERA5_REANALYSIS_0.25DEG,VERIFIED,24.2,30.6,999.9,12.3,12.3,-1.1,1.1,0.4,0.4,0.91,HIT,0,NOMINAL,Within Acceptable Error Tolerance
2019-07-15 00:00,2019-07-23,8,IND-UP-BIH,Middle Gangetic Plains,East,NOAA_GEFS_v12_2019071500,16.8,29.8,998.3,-2.1,77.0,18.4,1190.0,2.08,ERA5_REANALYSIS_0.25DEG,VERIFIED,24.0,29.9,999.0,-7.2,7.2,-0.1,0.1,-0.7,0.7,0.53,HIT,0,NOMINAL,Within Acceptable Error Tolerance
2019-07-15 00:00,2019-07-24,9,IND-UP-BIH,Middle Gangetic Plains,East,NOAA_GEFS_v12_2019071500,17.6,27.4,998.8,-2.3,78.5,19.2,1245.0,2.24,ERA5_REANALYSIS_0.25DEG,VERIFIED,14.4,28.3,999.5,3.2,3.2,-0.9,0.9,-0.7,0.7,0.24,NOMINAL_ACCORD,0,NOMINAL,Within Acceptable Error Tolerance
2019-07-15 00:00,2019-07-25,10,IND-UP-BIH,Middle Gangetic Plains,East,NOAA_GEFS_v12_2019071500,12.8,30.2,1003.7,-3.8,80.0,20.0,3400.0,4.74,ERA5_REANALYSIS_0.25DEG,VERIFIED,51.6,27.4,999.5,-38.8,38.8,2.8,2.8,4.2,4.2,2.87,NOMINAL_ACCORD,1,CONFIRMED_BUST,Extreme Rain Error (38.8 mm >= 35.0 mm); Climatological Anomaly Exceeded (Z=2.87 >= 2.5)
2019-07-15 00:00,2019-07-16,1,IND-NE,Northeast India,Northeast,NOAA_GEFS_v12_2019071500,6.0,28.0,1001.4,-0.7,66.5,12.8,805.0,0.96,ERA5_REANALYSIS_0.25DEG,VERIFIED,4.5,27.0,1002.3,1.5,1.5,1.0,1.0,-0.9,0.9,0.06,NOMINAL_ACCORD,0,NOMINAL,Within Acceptable Error Tolerance
2019-07-15 00:00,2019-07-17,2,IND-NE,Northeast India,Northeast,NOAA_GEFS_v12_2019071500,0.3,27.3,999.9,-0.9,68.0,13.6,860.0,1.12,ERA5_REANALYSIS_0.25DEG,VERIFIED,1.1,27.6,1002.1,-0.8,0.8,-0.3,0.3,-2.2,2.2,0.03,NOMINAL_ACCORD,0,NOMINAL,Within Acceptable Error Tolerance
2019-07-15 00:00,2019-07-18,3,IND-NE,Northeast India,Northeast,NOAA_GEFS_v12_2019071500,0.0,28.7,1002.1,-1.1,69.5,14.4,915.0,1.28,ERA5_REANALYSIS_0.25DEG,VERIFIED,4.8,28.8,1001.7,-4.8,4.8,-0.1,0.1,0.4,0.4,0.2,NOMINAL_ACCORD,0,NOMINAL,Within Acceptable Error Tolerance
2019-07-15 00:00,2019-07-19,4,IND-NE,Northeast India,Northeast,NOAA_GEFS_v12_2019071500,0.0,27.0,1003.9,-1.3,71.0,15.2,970.0,1.44,ERA5_REANALYSIS_0.25DEG,VERIFIED,4.5,28.0,1003.1,-4.5,4.5,-1.0,1.0,0.8,0.8,0.19,NOMINAL_ACCORD,0,NOMINAL,Within Acceptable Error Tolerance
2019-07-15 00:00,2019-07-20,5,IND-NE,Northeast India,Northeast,NOAA_GEFS_v12_2019071500,3.8,27.5,1002.0,-1.5,72.5,16.0,1025.0,1.6,ERA5_REANALYSIS_0.25DEG,VERIFIED,4.2,27.9,1003.6,-0.4,0.4,-0.4,0.4,-1.6,1.6,0.02,NOMINAL_ACCORD,0,NOMINAL,Within Acceptable Error Tolerance
2019-07-15 00:00,2019-07-21,6,IND-NE,Northeast India,Northeast,NOAA_GEFS_v12_2019071500,0.0,26.5,1003.0,-1.7,74.0,16.8,1080.0,1.76,ERA5_REANALYSIS_0.25DEG,VERIFIED,3.8,27.7,1003.1,-3.8,3.8,-1.2,1.2,-0.1,0.1,0.16,NOMINAL_ACCORD,0,NOMINAL,Within Acceptable Error Tolerance
2019-07-15 00:00,2019-07-22,7,IND-NE,Northeast India,Northeast,NOAA_GEFS_v12_2019071500,16.5,26.1,1004.0,-1.9,75.5,17.6,1135.0,1.92,ERA5_REANALYSIS_0.25DEG,VERIFIED,2.5,26.6,1002.6,14.0,14.0,-0.5,0.5,1.4,1.4,0.58,NOMINAL_ACCORD,0,NOMINAL,Within Acceptable Error Tolerance
2019-07-15 00:00,2019-07-23,8,IND-NE,Northeast India,Northeast,NOAA_GEFS_v12_2019071500,16.0,25.5,1001.6,-2.1,77.0,18.4,1190.0,2.08,ERA5_REANALYSIS_0.25DEG,VERIFIED,10.5,26.4,1002.0,5.5,5.5,-0.9,0.9,-0.4,0.4,0.23,NOMINAL_ACCORD,0,NOMINAL,Within Acceptable Error Tolerance
2019-07-15 00:00,2019-07-24,9,IND-NE,Northeast India,Northeast,NOAA_GEFS_v12_2019071500,17.6,27.6,1002.4,-2.3,78.5,19.2,1245.0,2.24,ERA5_REANALYSIS_0.25DEG,VERIFIED,13.1,26.2,1002.9,4.5,4.5,1.4,1.4,-0.5,0.5,0.19,NOMINAL_ACCORD,0,NOMINAL,Within Acceptable Error Tolerance
2019-07-15 00:00,2019-07-25,10,IND-NE,Northeast India,Northeast,NOAA_GEFS_v12_2019071500,10.0,24.7,1002.2,-2.5,80.0,20.0,1300.0,2.4,ERA5_REANALYSIS_0.25DEG,VERIFIED,18.9,26.4,1002.4,-8.9,8.9,-1.7,1.7,-0.2,0.2,0.37,NOMINAL_ACCORD,0,NOMINAL,Within Acceptable Error Tolerance
2019-07-15 00:00,2019-07-16,1,IND-WB-ODI,East Coast (Bengal & Odisha),East,NOAA_GEFS_v12_2019071500,8.3,27.4,1003.6,-0.7,66.5,12.8,805.0,0.96,ERA5_REANALYSIS_0.25DEG,VERIFIED,8.0,27.9,1002.3,0.3,0.3,-0.5,0.5,1.3,1.3,0.02,NOMINAL_ACCORD,0,NOMINAL,Within Acceptable Error Tolerance
2019-07-15 00:00,2019-07-17,2,IND-WB-ODI,East Coast (Bengal & Odisha),East,NOAA_GEFS_v12_2019071500,0.3,27.4,1001.7,-0.9,68.0,13.6,860.0,1.12,ERA5_REANALYSIS_0.25DEG,VERIFIED,5.3,28.4,1001.7,-5.0,5.0,-1.0,1.0,0.0,0.0,0.27,NOMINAL_ACCORD,0,NOMINAL,Within Acceptable Error Tolerance
2019-07-15 00:00,2019-07-18,3,IND-WB-ODI,East Coast (Bengal & Odisha),East,NOAA_GEFS_v12_2019071500,15.9,29.3,1000.5,-1.1,69.5,14.4,915.0,1.28,ERA5_REANALYSIS_0.25DEG,VERIFIED,7.2,28.0,1001.4,8.7,8.7,1.3,1.3,-0.9,0.9,0.47,NOMINAL_ACCORD,0,NOMINAL,Within Acceptable Error Tolerance
2019-07-15 00:00,2019-07-19,4,IND-WB-ODI,East Coast (Bengal & Odisha),East,NOAA_GEFS_v12_2019071500,4.0,26.0,1000.6,-1.3,71.0,15.2,970.0,1.44,ERA5_REANALYSIS_0.25DEG,VERIFIED,5.9,27.2,1002.1,-1.9,1.9,-1.2,1.2,-1.5,1.5,0.1,NOMINAL_ACCORD,0,NOMINAL,Within Acceptable Error Tolerance
2019-07-15 00:00,2019-07-20,5,IND-WB-ODI,East Coast (Bengal & Odisha),East,NOAA_GEFS_v12_2019071500,5.5,27.0,1003.2,-1.5,72.5,16.0,1025.0,1.6,ERA5_REANALYSIS_0.25DEG,VERIFIED,3.5,26.9,1003.6,2.0,2.0,0.1,0.1,-0.4,0.4,0.11,NOMINAL_ACCORD,0,NOMINAL,Within Acceptable Error Tolerance
2019-07-15 00:00,2019-07-21,6,IND-WB-ODI,East Coast (Bengal & Odisha),East,NOAA_GEFS_v12_2019071500,0.0,27.6,1005.5,-1.7,74.0,16.8,1080.0,1.76,ERA5_REANALYSIS_0.25DEG,VERIFIED,3.4,27.9,1003.8,-3.4,3.4,-0.3,0.3,1.7,1.7,0.18,NOMINAL_ACCORD,0,NOMINAL,Within Acceptable Error Tolerance
2019-07-15 00:00,2019-07-22,7,IND-WB-ODI,East Coast (Bengal & Odisha),East,NOAA_GEFS_v12_2019071500,0.0,27.0,1003.4,-1.9,75.5,17.6,1135.0,1.92,ERA5_REANALYSIS_0.25DEG,VERIFIED,0.5,28.3,1003.4,-0.5,0.5,-1.3,1.3,0.0,0.0,0.03,NOMINAL_ACCORD,0,NOMINAL,Within Acceptable Error Tolerance
2019-07-15 00:00,2019-07-23,8,IND-WB-ODI,East Coast (Bengal & Odisha),East,NOAA_GEFS_v12_2019071500,8.3,29.1,1003.3,-2.1,77.0,18.4,1190.0,2.08,ERA5_REANALYSIS_0.25DEG,VERIFIED,0.3,28.2,1002.6,8.0,8.0,0.9,0.9,0.7,0.7,0.43,NOMINAL_ACCORD,0,NOMINAL,Within Acceptable Error Tolerance
2019-07-15 00:00,2019-07-24,9,IND-WB-ODI,East Coast (Bengal & Odisha),East,NOAA_GEFS_v12_2019071500,12.6,26.1,1002.7,-2.3,78.5,19.2,1245.0,2.24,ERA5_REANALYSIS_0.25DEG,VERIFIED,5.7,28.2,1002.4,6.9,6.9,-2.1,2.1,0.3,0.3,0.37,NOMINAL_ACCORD,0,NOMINAL,Within Acceptable Error Tolerance
2019-07-15 00:00,2019-07-25,10,IND-WB-ODI,East Coast (Bengal & Odisha),East,NOAA_GEFS_v12_2019071500,8.5,26.6,1001.6,-2.5,80.0,20.0,1300.0,2.4,ERA5_REANALYSIS_0.25DEG,VERIFIED,17.6,27.0,1002.0,-9.1,9.1,-0.4,0.4,-0.4,0.4,0.49,NOMINAL_ACCORD,0,NOMINAL,Within Acceptable Error Tolerance
2019-07-15 00:00,2019-07-16,1,IND-CEN-MP,Central India (MP & Chhattisgarh),Central,NOAA_GEFS_v12_2019071500,1.6,28.5,1004.2,-0.7,66.5,12.8,805.0,0.96,ERA5_REANALYSIS_0.25DEG,VERIFIED,1.9,28.5,1003.2,-0.3,0.3,0.0,0.0,1.0,1.0,0.02,NOMINAL_ACCORD,0,NOMINAL,Within Acceptable Error Tolerance
2019-07-15 00:00,2019-07-17,2,IND-CEN-MP,Central India (MP & Chhattisgarh),Central,NOAA_GEFS_v12_2019071500,0.0,28.9,1003.9,-0.9,68.0,13.6,860.0,1.12,ERA5_REANALYSIS_0.25DEG,VERIFIED,0.4,29.2,1002.7,-0.4,0.4,-0.3,0.3,1.2,1.2,0.03,NOMINAL_ACCORD,0,NOMINAL,Within Acceptable Error Tolerance
2019-07-15 00:00,2019-07-18,3,IND-CEN-MP,Central India (MP & Chhattisgarh),Central,NOAA_GEFS_v12_2019071500,8.2,30.2,1001.5,-1.1,69.5,14.4,915.0,1.28,ERA5_REANALYSIS_0.25DEG,VERIFIED,6.2,29.1,1001.8,2.0,2.0,1.1,1.1,-0.3,0.3,0.13,NOMINAL_ACCORD,0,NOMINAL,Within Acceptable Error Tolerance
2019-07-15 00:00,2019-07-19,4,IND-CEN-MP,Central India (MP & Chhattisgarh),Central,NOAA_GEFS_v12_2019071500,15.8,29.1,1002.5,-1.3,71.0,15.2,970.0,1.44,ERA5_REANALYSIS_0.25DEG,VERIFIED,10.9,29.1,1001.3,4.9,4.9,0.0,0.0,1.2,1.2,0.33,NOMINAL_ACCORD,0,NOMINAL,Within Acceptable Error Tolerance
2019-07-15 00:00,2019-07-20,5,IND-CEN-MP,Central India (MP & Chhattisgarh),Central,NOAA_GEFS_v12_2019071500,11.5,28.5,1002.4,-1.5,72.5,16.0,1025.0,1.6,ERA5_REANALYSIS_0.25DEG,VERIFIED,6.6,28.6,1001.4,4.9,4.9,-0.1,0.1,1.0,1.0,0.33,NOMINAL_ACCORD,0,NOMINAL,Within Acceptable Error Tolerance
2019-07-15 00:00,2019-07-21,6,IND-CEN-MP,Central India (MP & Chhattisgarh),Central,NOAA_GEFS_v12_2019071500,0.0,28.3,1001.3,-1.7,74.0,16.8,1080.0,1.76,ERA5_REANALYSIS_0.25DEG,VERIFIED,2.8,29.2,1001.4,-2.8,2.8,-0.9,0.9,-0.1,0.1,0.19,NOMINAL_ACCORD,0,NOMINAL,Within Acceptable Error Tolerance
2019-07-15 00:00,2019-07-22,7,IND-CEN-MP,Central India (MP & Chhattisgarh),Central,NOAA_GEFS_v12_2019071500,10.0,30.3,1002.6,-1.9,75.5,17.6,1135.0,1.92,ERA5_REANALYSIS_0.25DEG,VERIFIED,2.2,29.3,1001.5,7.8,7.8,1.0,1.0,1.1,1.1,0.52,NOMINAL_ACCORD,0,NOMINAL,Within Acceptable Error Tolerance
2019-07-15 00:00,2019-07-23,8,IND-CEN-MP,Central India (MP & Chhattisgarh),Central,NOAA_GEFS_v12_2019071500,0.0,29.1,1000.2,-2.1,77.0,18.4,1190.0,2.08,ERA5_REANALYSIS_0.25DEG,VERIFIED,0.4,30.4,1000.9,-0.4,0.4,-1.3,1.3,-0.7,0.7,0.03,NOMINAL_ACCORD,0,NOMINAL,Within Acceptable Error Tolerance
2019-07-15 00:00,2019-07-24,9,IND-CEN-MP,Central India (MP & Chhattisgarh),Central,NOAA_GEFS_v12_2019071500,5.8,27.9,1001.3,-2.3,78.5,19.2,1245.0,2.24,ERA5_REANALYSIS_0.25DEG,VERIFIED,7.2,29.7,1000.9,-1.4,1.4,-1.8,1.8,0.4,0.4,0.09,NOMINAL_ACCORD,0,NOMINAL,Within Acceptable Error Tolerance
2019-07-15 00:00,2019-07-25,10,IND-CEN-MP,Central India (MP & Chhattisgarh),Central,NOAA_GEFS_v12_2019071500,9.9,27.8,999.0,-2.5,80.0,20.0,1300.0,2.4,ERA5_REANALYSIS_0.25DEG,VERIFIED,13.9,27.4,1001.2,-4.0,4.0,0.4,0.4,-2.2,2.2,0.27,NOMINAL_ACCORD,0,NOMINAL,Within Acceptable Error Tolerance
2019-07-15 00:00,2019-07-16,1,IND-MAH-DESH,Maharashtra Interior & Vidarbha,West-Central,NOAA_GEFS_v12_2019071500,1.2,27.1,1005.3,-0.7,66.5,12.8,805.0,0.96,ERA5_REANALYSIS_0.25DEG,VERIFIED,1.2,27.9,1006.2,0.0,0.0,-0.8,0.8,-0.9,0.9,0.0,NOMINAL_ACCORD,0,NOMINAL,Within Acceptable Error Tolerance
2019-07-15 00:00,2019-07-17,2,IND-MAH-DESH,Maharashtra Interior & Vidarbha,West-Central,NOAA_GEFS_v12_2019071500,3.0,28.8,1005.0,-0.9,68.0,13.6,860.0,1.12,ERA5_REANALYSIS_0.25DEG,VERIFIED,0.8,28.5,1005.4,2.2,2.2,0.3,0.3,-0.4,0.4,0.19,NOMINAL_ACCORD,0,NOMINAL,Within Acceptable Error Tolerance
2019-07-15 00:00,2019-07-18,3,IND-MAH-DESH,Maharashtra Interior & Vidarbha,West-Central,NOAA_GEFS_v12_2019071500,0.0,29.5,1003.2,-1.1,69.5,14.4,915.0,1.28,ERA5_REANALYSIS_0.25DEG,VERIFIED,0.8,29.4,1003.5,-0.8,0.8,0.1,0.1,-0.3,0.3,0.07,NOMINAL_ACCORD,0,NOMINAL,Within Acceptable Error Tolerance
2019-07-15 00:00,2019-07-19,4,IND-MAH-DESH,Maharashtra Interior & Vidarbha,West-Central,NOAA_GEFS_v12_2019071500,1.5,27.4,1002.0,-1.3,71.0,15.2,970.0,1.44,ERA5_REANALYSIS_0.25DEG,VERIFIED,5.4,27.6,1002.8,-3.9,3.9,-0.2,0.2,-0.8,0.8,0.34,NOMINAL_ACCORD,0,NOMINAL,Within Acceptable Error Tolerance
2019-07-15 00:00,2019-07-20,5,IND-MAH-DESH,Maharashtra Interior & Vidarbha,West-Central,NOAA_GEFS_v12_2019071500,43.4,26.8,1002.7,-1.5,72.5,16.0,1025.0,1.6,ERA5_REANALYSIS_0.25DEG,VERIFIED,33.5,26.1,1002.3,9.9,9.9,0.7,0.7,0.4,0.4,0.86,HIT,0,NOMINAL,Within Acceptable Error Tolerance
2019-07-15 00:00,2019-07-21,6,IND-MAH-DESH,Maharashtra Interior & Vidarbha,West-Central,NOAA_GEFS_v12_2019071500,7.4,27.9,1001.3,-1.7,74.0,16.8,1080.0,1.76,ERA5_REANALYSIS_0.25DEG,VERIFIED,0.8,28.1,1001.4,6.6,6.6,-0.2,0.2,-0.1,0.1,0.57,NOMINAL_ACCORD,0,NOMINAL,Within Acceptable Error Tolerance
2019-07-15 00:00,2019-07-22,7,IND-MAH-DESH,Maharashtra Interior & Vidarbha,West-Central,NOAA_GEFS_v12_2019071500,2.9,27.5,1001.4,-1.9,75.5,17.6,1135.0,1.92,ERA5_REANALYSIS_0.25DEG,VERIFIED,2.5,28.1,1001.4,0.4,0.4,-0.6,0.6,0.0,0.0,0.03,NOMINAL_ACCORD,0,NOMINAL,Within Acceptable Error Tolerance
2019-07-15 00:00,2019-07-23,8,IND-MAH-DESH,Maharashtra Interior & Vidarbha,West-Central,NOAA_GEFS_v12_2019071500,5.3,28.8,1002.3,-2.1,77.0,18.4,1190.0,2.08,ERA5_REANALYSIS_0.25DEG,VERIFIED,2.1,28.3,1002.2,3.2,3.2,0.5,0.5,0.1,0.1,0.28,NOMINAL_ACCORD,0,NOMINAL,Within Acceptable Error Tolerance
2019-07-15 00:00,2019-07-24,9,IND-MAH-DESH,Maharashtra Interior & Vidarbha,West-Central,NOAA_GEFS_v12_2019071500,4.5,25.4,1002.4,-2.3,78.5,19.2,1245.0,2.24,ERA5_REANALYSIS_0.25DEG,VERIFIED,4.0,28.2,1003.6,0.5,0.5,-2.8,2.8,-1.2,1.2,0.04,NOMINAL_ACCORD,0,NOMINAL,Within Acceptable Error Tolerance
2019-07-15 00:00,2019-07-25,10,IND-MAH-DESH,Maharashtra Interior & Vidarbha,West-Central,NOAA_GEFS_v12_2019071500,14.9,26.2,1005.4,-2.5,80.0,20.0,1300.0,2.4,ERA5_REANALYSIS_0.25DEG,VERIFIED,13.8,26.4,1005.1,1.1,1.1,-0.2,0.2,0.3,0.3,0.1,NOMINAL_ACCORD,0,NOMINAL,Within Acceptable Error Tolerance
2019-07-15 00:00,2019-07-16,1,IND-KON-GOA,Konkan & Goa Coastal Strip,West Coast,NOAA_GEFS_v12_2019071500,21.0,24.8,1008.7,-0.7,66.5,12.8,805.0,0.96,ERA5_REANALYSIS_0.25DEG,VERIFIED,17.6,25.4,1008.4,3.4,3.4,-0.6,0.6,0.3,0.3,0.13,HIT,0,NOMINAL,Within Acceptable Error Tolerance
2019-07-15 00:00,2019-07-17,2,IND-KON-GOA,Konkan & Goa Coastal Strip,West Coast,NOAA_GEFS_v12_2019071500,12.0,24.8,1006.5,-0.9,68.0,13.6,860.0,1.12,ERA5_REANALYSIS_0.25DEG,VERIFIED,19.5,25.3,1007.7,-7.5,7.5,-0.5,0.5,-1.2,1.2,0.29,NOMINAL_ACCORD,0,NOMINAL,Within Acceptable Error Tolerance
2019-07-15 00:00,2019-07-18,3,IND-KON-GOA,Konkan & Goa Coastal Strip,West Coast,NOAA_GEFS_v12_2019071500,18.2,25.3,1006.2,-1.1,69.5,14.4,915.0,1.28,ERA5_REANALYSIS_0.25DEG,VERIFIED,19.4,25.8,1005.6,-1.2,1.2,-0.5,0.5,0.6,0.6,0.05,HIT,0,NOMINAL,Within Acceptable Error Tolerance
2019-07-15 00:00,2019-07-19,4,IND-KON-GOA,Konkan & Goa Coastal Strip,West Coast,NOAA_GEFS_v12_2019071500,11.2,25.4,1006.6,-1.3,71.0,15.2,970.0,1.44,ERA5_REANALYSIS_0.25DEG,VERIFIED,16.8,25.8,1004.0,-5.6,5.6,-0.4,0.4,2.6,2.6,0.22,NOMINAL_ACCORD,0,NOMINAL,Within Acceptable Error Tolerance
2019-07-15 00:00,2019-07-20,5,IND-KON-GOA,Konkan & Goa Coastal Strip,West Coast,NOAA_GEFS_v12_2019071500,17.5,25.6,1001.0,-1.5,72.5,16.0,1025.0,1.6,ERA5_REANALYSIS_0.25DEG,VERIFIED,14.2,26.1,1002.6,3.3,3.3,-0.5,0.5,-1.6,1.6,0.13,NOMINAL_ACCORD,0,NOMINAL,Within Acceptable Error Tolerance
2019-07-15 00:00,2019-07-21,6,IND-KON-GOA,Konkan & Goa Coastal Strip,West Coast,NOAA_GEFS_v12_2019071500,39.3,26.7,1001.4,-1.7,74.0,16.8,1080.0,1.76,ERA5_REANALYSIS_0.25DEG,VERIFIED,36.7,26.0,1001.3,2.6,2.6,0.7,0.7,0.1,0.1,0.1,HIT,0,NOMINAL,Within Acceptable Error Tolerance
2019-07-15 00:00,2019-07-22,7,IND-KON-GOA,Konkan & Goa Coastal Strip,West Coast,NOAA_GEFS_v12_2019071500,13.2,28.6,1007.2,-3.8,75.5,17.6,3040.0,3.48,ERA5_REANALYSIS_0.25DEG,VERIFIED,40.1,25.8,1003.0,-26.9,26.9,2.8,2.8,4.2,4.2,1.03,NOMINAL_ACCORD,0,NOMINAL,Within Acceptable Error Tolerance
2019-07-15 00:00,2019-07-23,8,IND-KON-GOA,Konkan & Goa Coastal Strip,West Coast,NOAA_GEFS_v12_2019071500,24.8,28.1,1008.8,-3.8,77.0,18.4,3160.0,3.9,ERA5_REANALYSIS_0.25DEG,VERIFIED,77.9,25.3,1004.6,-53.1,53.1,2.8,2.8,4.2,4.2,2.04,HIT,1,CONFIRMED_BUST,Extreme Rain Error (53.1 mm >= 35.0 mm)
2019-07-15 00:00,2019-07-24,9,IND-KON-GOA,Konkan & Goa Coastal Strip,West Coast,NOAA_GEFS_v12_2019071500,13.1,27.7,1011.0,-3.8,78.5,19.2,3280.0,4.32,ERA5_REANALYSIS_0.25DEG,VERIFIED,42.3,24.9,1006.8,-29.2,29.2,2.8,2.8,4.2,4.2,1.12,NOMINAL_ACCORD,0,NOMINAL,Within Acceptable Error Tolerance
2019-07-15 00:00,2019-07-25,10,IND-KON-GOA,Konkan & Goa Coastal Strip,West Coast,NOAA_GEFS_v12_2019071500,20.4,23.4,1010.2,-2.5,80.0,20.0,1300.0,2.4,ERA5_REANALYSIS_0.25DEG,VERIFIED,22.9,25.2,1008.2,-2.5,2.5,-1.8,1.8,2.0,2.0,0.1,HIT,0,NOMINAL,Within Acceptable Error Tolerance
2019-07-15 00:00,2019-07-16,1,IND-TEL-AP,Telangana & Coastal Andhra,South-East,NOAA_GEFS_v12_2019071500,2.9,31.6,1004.6,-0.7,66.5,12.8,805.0,0.96,ERA5_REANALYSIS_0.25DEG,VERIFIED,1.6,31.8,1004.1,1.3,1.3,-0.2,0.2,0.5,0.5,0.12,NOMINAL_ACCORD,0,NOMINAL,Within Acceptable Error Tolerance
2019-07-15 00:00,2019-07-17,2,IND-TEL-AP,Telangana & Coastal Andhra,South-East,NOAA_GEFS_v12_2019071500,6.2,32.9,1004.9,-0.9,68.0,13.6,860.0,1.12,ERA5_REANALYSIS_0.25DEG,VERIFIED,0.7,32.8,1002.6,5.5,5.5,0.1,0.1,2.3,2.3,0.5,NOMINAL_ACCORD,0,NOMINAL,Within Acceptable Error Tolerance
2019-07-15 00:00,2019-07-18,3,IND-TEL-AP,Telangana & Coastal Andhra,South-East,NOAA_GEFS_v12_2019071500,12.5,32.2,1002.1,-1.1,69.5,14.4,915.0,1.28,ERA5_REANALYSIS_0.25DEG,VERIFIED,10.1,31.3,1001.4,2.4,2.4,0.9,0.9,0.7,0.7,0.22,NOMINAL_ACCORD,0,NOMINAL,Within Acceptable Error Tolerance
2019-07-15 00:00,2019-07-19,4,IND-TEL-AP,Telangana & Coastal Andhra,South-East,NOAA_GEFS_v12_2019071500,8.8,28.7,1001.1,-1.3,71.0,15.2,970.0,1.44,ERA5_REANALYSIS_0.25DEG,VERIFIED,6.1,28.2,1001.2,2.7,2.7,0.5,0.5,-0.1,0.1,0.25,NOMINAL_ACCORD,0,NOMINAL,Within Acceptable Error Tolerance
2019-07-15 00:00,2019-07-20,5,IND-TEL-AP,Telangana & Coastal Andhra,South-East,NOAA_GEFS_v12_2019071500,14.4,27.8,1001.6,-1.5,72.5,16.0,1025.0,1.6,ERA5_REANALYSIS_0.25DEG,VERIFIED,13.1,28.2,1002.0,1.3,1.3,-0.4,0.4,-0.4,0.4,0.12,NOMINAL_ACCORD,0,NOMINAL,Within Acceptable Error Tolerance
2019-07-15 00:00,2019-07-21,6,IND-TEL-AP,Telangana & Coastal Andhra,South-East,NOAA_GEFS_v12_2019071500,5.2,30.9,1003.1,-1.7,74.0,16.8,1080.0,1.76,ERA5_REANALYSIS_0.25DEG,VERIFIED,2.5,30.0,1002.5,2.7,2.7,0.9,0.9,0.6,0.6,0.25,NOMINAL_ACCORD,0,NOMINAL,Within Acceptable Error Tolerance
2019-07-15 00:00,2019-07-22,7,IND-TEL-AP,Telangana & Coastal Andhra,South-East,NOAA_GEFS_v12_2019071500,16.0,29.3,1003.8,-1.9,75.5,17.6,1135.0,1.92,ERA5_REANALYSIS_0.25DEG,VERIFIED,7.2,29.2,1002.5,8.8,8.8,0.1,0.1,1.3,1.3,0.8,NOMINAL_ACCORD,0,NOMINAL,Within Acceptable Error Tolerance
2019-07-15 00:00,2019-07-23,8,IND-TEL-AP,Telangana & Coastal Andhra,South-East,NOAA_GEFS_v12_2019071500,19.4,30.9,1002.1,-2.1,77.0,18.4,1190.0,2.08,ERA5_REANALYSIS_0.25DEG,VERIFIED,16.8,29.0,1003.0,2.6,2.6,1.9,1.9,-0.9,0.9,0.24,HIT,0,NOMINAL,Within Acceptable Error Tolerance
2019-07-15 00:00,2019-07-24,9,IND-TEL-AP,Telangana & Coastal Andhra,South-East,NOAA_GEFS_v12_2019071500,0.0,30.5,1001.9,-2.3,78.5,19.2,1245.0,2.24,ERA5_REANALYSIS_0.25DEG,VERIFIED,1.0,31.5,1003.6,-1.0,1.0,-1.0,1.0,-1.7,1.7,0.09,NOMINAL_ACCORD,0,NOMINAL,Within Acceptable Error Tolerance
2019-07-15 00:00,2019-07-25,10,IND-TEL-AP,Telangana & Coastal Andhra,South-East,NOAA_GEFS_v12_2019071500,24.3,31.7,1005.1,-2.5,80.0,20.0,1300.0,2.4,ERA5_REANALYSIS_0.25DEG,VERIFIED,11.2,30.4,1004.1,13.1,13.1,1.3,1.3,1.0,1.0,1.19,NOMINAL_ACCORD,0,NOMINAL,Within Acceptable Error Tolerance
2019-07-15 00:00,2019-07-16,1,IND-KAR,Karnataka Interior,South,NOAA_GEFS_v12_2019071500,7.3,24.8,1009.5,-0.7,66.5,12.8,805.0,0.96,ERA5_REANALYSIS_0.25DEG,VERIFIED,7.3,24.3,1009.3,0.0,0.0,0.5,0.5,0.2,0.2,0.0,NOMINAL_ACCORD,0,NOMINAL,Within Acceptable Error Tolerance
2019-07-15 00:00,2019-07-17,2,IND-KAR,Karnataka Interior,South,NOAA_GEFS_v12_2019071500,15.5,24.5,1007.5,-0.9,68.0,13.6,860.0,1.12,ERA5_REANALYSIS_0.25DEG,VERIFIED,15.9,24.0,1008.2,-0.4,0.4,0.5,0.5,-0.7,0.7,0.04,NOMINAL_ACCORD,0,NOMINAL,Within Acceptable Error Tolerance
2019-07-15 00:00,2019-07-18,3,IND-KAR,Karnataka Interior,South,NOAA_GEFS_v12_2019071500,21.1,24.2,1005.6,-1.1,69.5,14.4,915.0,1.28,ERA5_REANALYSIS_0.25DEG,VERIFIED,14.3,24.2,1006.2,6.8,6.8,0.0,0.0,-0.6,0.6,0.65,NOMINAL_ACCORD,0,NOMINAL,Within Acceptable Error Tolerance
2019-07-15 00:00,2019-07-19,4,IND-KAR,Karnataka Interior,South,NOAA_GEFS_v12_2019071500,10.0,23.6,1003.5,-1.3,71.0,15.2,970.0,1.44,ERA5_REANALYSIS_0.25DEG,VERIFIED,11.8,24.0,1005.1,-1.8,1.8,-0.4,0.4,-1.6,1.6,0.17,NOMINAL_ACCORD,0,NOMINAL,Within Acceptable Error Tolerance
2019-07-15 00:00,2019-07-20,5,IND-KAR,Karnataka Interior,South,NOAA_GEFS_v12_2019071500,9.4,22.6,1005.2,-1.5,72.5,16.0,1025.0,1.6,ERA5_REANALYSIS_0.25DEG,VERIFIED,4.8,23.9,1004.8,4.6,4.6,-1.3,1.3,0.4,0.4,0.44,NOMINAL_ACCORD,0,NOMINAL,Within Acceptable Error Tolerance
2019-07-15 00:00,2019-07-21,6,IND-KAR,Karnataka Interior,South,NOAA_GEFS_v12_2019071500,9.6,24.9,1005.3,-1.7,74.0,16.8,1080.0,1.76,ERA5_REANALYSIS_0.25DEG,VERIFIED,6.3,24.4,1005.0,3.3,3.3,0.5,0.5,0.3,0.3,0.31,NOMINAL_ACCORD,0,NOMINAL,Within Acceptable Error Tolerance
2019-07-15 00:00,2019-07-22,7,IND-KAR,Karnataka Interior,South,NOAA_GEFS_v12_2019071500,29.9,25.0,1005.3,-1.9,75.5,17.6,1135.0,1.92,ERA5_REANALYSIS_0.25DEG,VERIFIED,38.9,23.7,1005.7,-9.0,9.0,1.3,1.3,-0.4,0.4,0.86,HIT,0,NOMINAL,Within Acceptable Error Tolerance
2019-07-15 00:00,2019-07-23,8,IND-KAR,Karnataka Interior,South,NOAA_GEFS_v12_2019071500,25.2,20.3,1008.8,-2.1,77.0,18.4,1190.0,2.08,ERA5_REANALYSIS_0.25DEG,VERIFIED,32.9,23.0,1006.9,-7.7,7.7,-2.7,2.7,1.9,1.9,0.73,HIT,0,NOMINAL,Within Acceptable Error Tolerance
2019-07-15 00:00,2019-07-24,9,IND-KAR,Karnataka Interior,South,NOAA_GEFS_v12_2019071500,0.0,23.0,1008.3,-2.3,78.5,19.2,1245.0,2.24,ERA5_REANALYSIS_0.25DEG,VERIFIED,5.1,24.1,1008.3,-5.1,5.1,-1.1,1.1,0.0,0.0,0.49,NOMINAL_ACCORD,0,NOMINAL,Within Acceptable Error Tolerance
2019-07-15 00:00,2019-07-25,10,IND-KAR,Karnataka Interior,South,NOAA_GEFS_v12_2019071500,0.0,24.5,1008.0,-2.5,80.0,20.0,1300.0,2.4,ERA5_REANALYSIS_0.25DEG,VERIFIED,3.0,24.3,1009.4,-3.0,3.0,0.2,0.2,-1.4,1.4,0.29,NOMINAL_ACCORD,0,NOMINAL,Within Acceptable Error Tolerance
2019-07-15 00:00,2019-07-16,1,IND-KER,Kerala Coast & High Ranges,South Coast,NOAA_GEFS_v12_2019071500,9.4,25.8,1010.4,-0.7,66.5,12.8,805.0,0.96,ERA5_REANALYSIS_0.25DEG,VERIFIED,12.2,25.3,1009.5,-2.8,2.8,0.5,0.5,0.9,0.9,0.13,NOMINAL_ACCORD,0,NOMINAL,Within Acceptable Error Tolerance
2019-07-15 00:00,2019-07-17,2,IND-KER,Kerala Coast & High Ranges,South Coast,NOAA_GEFS_v12_2019071500,23.0,25.2,1006.5,-0.9,68.0,13.6,860.0,1.12,ERA5_REANALYSIS_0.25DEG,VERIFIED,22.4,25.5,1007.8,0.6,0.6,-0.3,0.3,-1.3,1.3,0.03,HIT,0,NOMINAL,Within Acceptable Error Tolerance
2019-07-15 00:00,2019-07-18,3,IND-KER,Kerala Coast & High Ranges,South Coast,NOAA_GEFS_v12_2019071500,42.3,25.5,1008.0,-1.1,69.5,14.4,915.0,1.28,ERA5_REANALYSIS_0.25DEG,VERIFIED,39.4,24.8,1007.0,2.9,2.9,0.7,0.7,1.0,1.0,0.13,HIT,0,NOMINAL,Within Acceptable Error Tolerance
2019-07-15 00:00,2019-07-19,4,IND-KER,Kerala Coast & High Ranges,South Coast,NOAA_GEFS_v12_2019071500,28.0,27.0,1011.5,-3.8,71.0,15.2,2680.0,2.22,ERA5_REANALYSIS_0.25DEG,VERIFIED,108.0,24.2,1007.3,-80.0,80.0,2.8,2.8,4.2,4.2,3.64,HIT,1,CONFIRMED_BUST,Extreme Rain Error (80.0 mm >= 35.0 mm); Climatological Anomaly Exceeded (Z=3.64 >= 2.5)
2019-07-15 00:00,2019-07-20,5,IND-KER,Kerala Coast & High Ranges,South Coast,NOAA_GEFS_v12_2019071500,12.7,26.9,1012.1,-3.8,72.5,16.0,2800.0,2.64,ERA5_REANALYSIS_0.25DEG,VERIFIED,55.7,24.1,1007.9,-43.0,43.0,2.8,2.8,4.2,4.2,1.95,NOMINAL_ACCORD,1,CONFIRMED_BUST,Extreme Rain Error (43.0 mm >= 35.0 mm)
2019-07-15 00:00,2019-07-21,6,IND-KER,Kerala Coast & High Ranges,South Coast,NOAA_GEFS_v12_2019071500,11.6,26.8,1012.1,-3.8,74.0,16.8,2920.0,3.06,ERA5_REANALYSIS_0.25DEG,VERIFIED,44.5,24.0,1007.9,-32.9,32.9,2.8,2.8,4.2,4.2,1.5,NOMINAL_ACCORD,0,NOMINAL,Within Acceptable Error Tolerance
2019-07-15 00:00,2019-07-22,7,IND-KER,Kerala Coast & High Ranges,South Coast,NOAA_GEFS_v12_2019071500,13.5,26.8,1012.1,-3.8,75.5,17.6,3040.0,3.48,ERA5_REANALYSIS_0.25DEG,VERIFIED,41.2,24.0,1007.9,-27.7,27.7,2.8,2.8,4.2,4.2,1.26,NOMINAL_ACCORD,0,NOMINAL,Within Acceptable Error Tolerance
2019-07-15 00:00,2019-07-23,8,IND-KER,Kerala Coast & High Ranges,South Coast,NOAA_GEFS_v12_2019071500,14.5,23.5,1009.0,-2.1,77.0,18.4,1190.0,2.08,ERA5_REANALYSIS_0.25DEG,VERIFIED,17.7,24.3,1008.5,-3.2,3.2,-0.8,0.8,0.5,0.5,0.15,NOMINAL_ACCORD,0,NOMINAL,Within Acceptable Error Tolerance
2019-07-15 00:00,2019-07-24,9,IND-KER,Kerala Coast & High Ranges,South Coast,NOAA_GEFS_v12_2019071500,13.8,26.3,1009.2,-2.3,78.5,19.2,1245.0,2.24,ERA5_REANALYSIS_0.25DEG,VERIFIED,12.6,25.1,1009.2,1.2,1.2,1.2,1.2,0.0,0.0,0.05,NOMINAL_ACCORD,0,NOMINAL,Within Acceptable Error Tolerance
2019-07-15 00:00,2019-07-25,10,IND-KER,Kerala Coast & High Ranges,South Coast,NOAA_GEFS_v12_2019071500,14.8,24.8,1011.2,-2.5,80.0,20.0,1300.0,2.4,ERA5_REANALYSIS_0.25DEG,VERIFIED,15.0,25.4,1010.2,-0.2,0.2,-0.6,0.6,1.0,1.0,0.01,NOMINAL_ACCORD,0,NOMINAL,Within Acceptable Error Tolerance
2019-07-15 00:00,2019-07-16,1,IND-TN,Tamil Nadu & Puducherry,South,NOAA_GEFS_v12_2019071500,0.0,31.3,1006.1,-0.7,66.5,12.8,805.0,0.96,ERA5_REANALYSIS_0.25DEG,VERIFIED,0.0,31.8,1006.1,0.0,0.0,-0.5,0.5,0.0,0.0,0.0,NOMINAL_ACCORD,0,NOMINAL,Within Acceptable Error Tolerance
2019-07-15 00:00,2019-07-17,2,IND-TN,Tamil Nadu & Puducherry,South,NOAA_GEFS_v12_2019071500,4.9,31.2,1003.0,-0.9,68.0,13.6,860.0,1.12,ERA5_REANALYSIS_0.25DEG,VERIFIED,7.6,31.4,1004.7,-2.7,2.7,-0.2,0.2,-1.7,1.7,0.42,NOMINAL_ACCORD,0,NOMINAL,Within Acceptable Error Tolerance
2019-07-15 00:00,2019-07-18,3,IND-TN,Tamil Nadu & Puducherry,South,NOAA_GEFS_v12_2019071500,9.7,30.7,1002.9,-1.1,69.5,14.4,915.0,1.28,ERA5_REANALYSIS_0.25DEG,VERIFIED,3.7,30.6,1003.3,6.0,6.0,0.1,0.1,-0.4,0.4,0.92,NOMINAL_ACCORD,0,NOMINAL,Within Acceptable Error Tolerance
2019-07-15 00:00,2019-07-19,4,IND-TN,Tamil Nadu & Puducherry,South,NOAA_GEFS_v12_2019071500,1.1,28.8,1004.3,-1.3,71.0,15.2,970.0,1.44,ERA5_REANALYSIS_0.25DEG,VERIFIED,2.4,28.8,1003.4,-1.3,1.3,0.0,0.0,0.9,0.9,0.2,NOMINAL_ACCORD,0,NOMINAL,Within Acceptable Error Tolerance
2019-07-15 00:00,2019-07-20,5,IND-TN,Tamil Nadu & Puducherry,South,NOAA_GEFS_v12_2019071500,9.1,29.6,1004.5,-1.5,72.5,16.0,1025.0,1.6,ERA5_REANALYSIS_0.25DEG,VERIFIED,1.9,29.2,1004.2,7.2,7.2,0.4,0.4,0.3,0.3,1.11,NOMINAL_ACCORD,0,NOMINAL,Within Acceptable Error Tolerance
2019-07-15 00:00,2019-07-21,6,IND-TN,Tamil Nadu & Puducherry,South,NOAA_GEFS_v12_2019071500,10.7,27.6,1006.0,-1.7,74.0,16.8,1080.0,1.76,ERA5_REANALYSIS_0.25DEG,VERIFIED,4.2,29.4,1004.2,6.5,6.5,-1.8,1.8,1.8,1.8,1.0,NOMINAL_ACCORD,0,NOMINAL,Within Acceptable Error Tolerance
2019-07-15 00:00,2019-07-22,7,IND-TN,Tamil Nadu & Puducherry,South,NOAA_GEFS_v12_2019071500,0.0,28.4,1004.3,-1.9,75.5,17.6,1135.0,1.92,ERA5_REANALYSIS_0.25DEG,VERIFIED,0.4,28.5,1004.9,-0.4,0.4,-0.1,0.1,-0.6,0.6,0.06,NOMINAL_ACCORD,0,NOMINAL,Within Acceptable Error Tolerance
2019-07-15 00:00,2019-07-23,8,IND-TN,Tamil Nadu & Puducherry,South,NOAA_GEFS_v12_2019071500,0.0,31.2,1006.6,-2.1,77.0,18.4,1190.0,2.08,ERA5_REANALYSIS_0.25DEG,VERIFIED,0.2,29.8,1005.5,-0.2,0.2,1.4,1.4,1.1,1.1,0.03,NOMINAL_ACCORD,0,NOMINAL,Within Acceptable Error Tolerance
2019-07-15 00:00,2019-07-24,9,IND-TN,Tamil Nadu & Puducherry,South,NOAA_GEFS_v12_2019071500,0.0,30.7,1007.1,-2.3,78.5,19.2,1245.0,2.24,ERA5_REANALYSIS_0.25DEG,VERIFIED,0.8,31.1,1006.3,-0.8,0.8,-0.4,0.4,0.8,0.8,0.12,NOMINAL_ACCORD,0,NOMINAL,Within Acceptable Error Tolerance
2019-07-15 00:00,2019-07-25,10,IND-TN,Tamil Nadu & Puducherry,South,NOAA_GEFS_v12_2019071500,9.2,29.9,1008.4,-2.5,80.0,20.0,1300.0,2.4,ERA5_REANALYSIS_0.25DEG,VERIFIED,0.7,30.5,1007.4,8.5,8.5,-0.6,0.6,1.0,1.0,1.31,NOMINAL_ACCORD,0,NOMINAL,Within Acceptable Error Tolerance
